Branch Path,Variable,Scenario,Method,Units,2018,2019,2020,2021,2022,2023,2024,2025,2026,2027,2028,2029,2030,2031,2032,2033,2034,2035,2036,2037,2038,2039,2040,2041,2042,2043,2044,2045,2046,2047,2048,2049,2050,DIFFERS_FROM_BAU
Transformation\Electricity Generation\Processes\Cape Town IPP Solar,Capacity Credit,Updated BAU GHS,Interp,Percent,100,100,100,100,100,100,100,100,100,100,100,100,100,100,100,100,100,100,100,100,100,100,100,100,100,100,100,100,100,100,100,100,100,
Transformation\Electricity Generation\Processes\Cape Town IPP Solar,Capacity Credit,Updated LMI GHS,Interp,Percent,100,100,100,100,100,100,100,100,100,100,100,100,100,100,100,100,100,100,100,100,100,100,100,100,100,100,100,100,100,100,100,100,100,
Transformation\Electricity Generation\Processes\Cape Town IPP Solar,Capacity Credit,Updated Pro Solar,Interp,Percent,100,100,100,100,100,100,100,100,100,100,100,100,100,100,100,100,100,100,100,100,100,100,100,100,100,100,100,100,100,100,100,100,100,
Transformation\Electricity Generation\Processes\Cape Town IPP Solar,Capacity Credit,Updated Utility Protection,Interp,Percent,100,100,100,100,100,100,100,100,100,100,100,100,100,100,100,100,100,100,100,100,100,100,100,100,100,100,100,100,100,100,100,100,100,
Transformation\Electricity Generation\Processes\Cape Town IPP Solar,Capital Cost,Updated BAU GHS,Interp,U.S. Dollar,0,0,0,0,0,0,0,0,0,0,0,0,0,0,0,0,0,0,0,0,0,0,0,0,0,0,0,0,0,0,0,0,0,
Transformation\Electricity Generation\Processes\Cape Town IPP Solar,Capital Cost,Updated LMI GHS,Interp,U.S. Dollar,0,0,0,0,0,0,0,0,0,0,0,0,0,0,0,0,0,0,0,0,0,0,0,0,0,0,0,0,0,0,0,0,0,
Transformation\Electricity Generation\Processes\Cape Town IPP Solar,Capital Cost,Updated Pro Solar,Interp,U.S. Dollar,0,0,0,0,0,0,0,0,0,0,0,0,0,0,0,0,0,0,0,0,0,0,0,0,0,0,0,0,0,0,0,0,0,
Transformation\Electricity Generation\Processes\Cape Town IPP Solar,Capital Cost,Updated Utility Protection,Interp,U.S. Dollar,0,0,0,0,0,0,0,0,0,0,0,0,0,0,0,0,0,0,0,0,0,0,0,0,0,0,0,0,0,0,0,0,0,
Transformation\Electricity Generation\Processes\Cape Town IPP Solar,Dispatch Rule,Updated BAU GHS,Interp,None,4,4,4,4,4,4,4,4,4,4,4,4,4,4,4,4,4,4,4,4,4,4,4,4,4,4,4,4,4,4,4,4,4,
Transformation\Electricity Generation\Processes\Cape Town IPP Solar,Dispatch Rule,Updated LMI GHS,Interp,None,4,4,4,4,4,4,4,4,4,4,4,4,4,4,4,4,4,4,4,4,4,4,4,4,4,4,4,4,4,4,4,4,4,
Transformation\Electricity Generation\Processes\Cape Town IPP Solar,Dispatch Rule,Updated Pro Solar,Interp,None,4,4,4,4,4,4,4,4,4,4,4,4,4,4,4,4,4,4,4,4,4,4,4,4,4,4,4,4,4,4,4,4,4,
Transformation\Electricity Generation\Processes\Cape Town IPP Solar,Dispatch Rule,Updated Utility Protection,Interp,None,4,4,4,4,4,4,4,4,4,4,4,4,4,4,4,4,4,4,4,4,4,4,4,4,4,4,4,4,4,4,4,4,4,
Transformation\Electricity Generation\Processes\Cape Town IPP Solar,Endogenous Capacity,Updated BAU GHS,Interp,Megawatt,0,0,0,0,0,0,0,0,0,0,0,0,0,0,0,0,0,0,0,0,0,0,0,0,0,0,0,0,0,0,0,0,0,
Transformation\Electricity Generation\Processes\Cape Town IPP Solar,Endogenous Capacity,Updated LMI GHS,Interp,Megawatt,0,0,0,0,0,0,0,0,0,0,0,0,0,0,0,0,0,0,0,0,0,0,0,0,0,0,0,0,0,0,0,0,0,
Transformation\Electricity Generation\Processes\Cape Town IPP Solar,Endogenous Capacity,Updated Pro Solar,Interp,Megawatt,0,0,0,0,0,0,0,0,0,0,0,0,0,0,0,0,0,0,0,0,0,0,0,0,0,0,0,0,0,0,0,0,0,
Transformation\Electricity Generation\Processes\Cape Town IPP Solar,Endogenous Capacity,Updated Utility Protection,Interp,Megawatt,0,0,0,0,0,0,0,0,0,0,0,0,0,0,0,0,0,0,0,0,0,0,0,0,0,0,0,0,0,0,0,0,0,
Transformation\Electricity Generation\Processes\Cape Town IPP Solar,Exogenous Capacity,Updated BAU GHS,Interp,Megawatt,0,0,0,0,0,0,0,29,43,57,71,86,100,110,120,130,140,150,160,170,180,190,200,200,200,200,200,200,200,200,200,200,200,
Transformation\Electricity Generation\Processes\Cape Town IPP Solar,Exogenous Capacity,Updated LMI GHS,Interp,Megawatt,0,0,0,0,0,0,0,29,43,57,71,86,100,110,120,130,140,150,160,170,180,190,200,200,200,200,200,200,200,200,200,200,200,
Transformation\Electricity Generation\Processes\Cape Town IPP Solar,Exogenous Capacity,Updated Pro Solar,Interp,Megawatt,0,0,0,0,0,0,0,29,43,57,71,86,100,110,120,130,140,150,160,170,180,190,200,200,200,200,200,200,200,200,200,200,200,
Transformation\Electricity Generation\Processes\Cape Town IPP Solar,Exogenous Capacity,Updated Utility Protection,Interp,Megawatt,0,0,0,0,0,0,0,29,43,57,71,86,100,110,120,130,140,150,160,170,180,190,200,200,200,200,200,200,200,200,200,200,200,
Transformation\Electricity Generation\Processes\Cape Town IPP Solar,First Simulation Year,Updated BAU GHS,Interp,Years,2024,2024,2024,2024,2024,2024,2024,2024,2024,2024,2024,2024,2024,2024,2024,2024,2024,2024,2024,2024,2024,2024,2024,2024,2024,2024,2024,2024,2024,2024,2024,2024,2024,
Transformation\Electricity Generation\Processes\Cape Town IPP Solar,First Simulation Year,Updated LMI GHS,Interp,Years,2024,2024,2024,2024,2024,2024,2024,2024,2024,2024,2024,2024,2024,2024,2024,2024,2024,2024,2024,2024,2024,2024,2024,2024,2024,2024,2024,2024,2024,2024,2024,2024,2024,
Transformation\Electricity Generation\Processes\Cape Town IPP Solar,First Simulation Year,Updated Pro Solar,Interp,Years,2024,2024,2024,2024,2024,2024,2024,2024,2024,2024,2024,2024,2024,2024,2024,2024,2024,2024,2024,2024,2024,2024,2024,2024,2024,2024,2024,2024,2024,2024,2024,2024,2024,
Transformation\Electricity Generation\Processes\Cape Town IPP Solar,First Simulation Year,Updated Utility Protection,Interp,Years,2024,2024,2024,2024,2024,2024,2024,2024,2024,2024,2024,2024,2024,2024,2024,2024,2024,2024,2024,2024,2024,2024,2024,2024,2024,2024,2024,2024,2024,2024,2024,2024,2024,
Transformation\Electricity Generation\Processes\Cape Town IPP Solar,Fixed OM Cost,Updated BAU GHS,Interp,South African Rand,0,0,0,0,0,0,0,0,0,0,0,0,0,0,0,0,0,0,0,0,0,0,0,0,0,0,0,0,0,0,0,0,0,
Transformation\Electricity Generation\Processes\Cape Town IPP Solar,Fixed OM Cost,Updated LMI GHS,Interp,South African Rand,0,0,0,0,0,0,0,0,0,0,0,0,0,0,0,0,0,0,0,0,0,0,0,0,0,0,0,0,0,0,0,0,0,
Transformation\Electricity Generation\Processes\Cape Town IPP Solar,Fixed OM Cost,Updated Pro Solar,Interp,South African Rand,0,0,0,0,0,0,0,0,0,0,0,0,0,0,0,0,0,0,0,0,0,0,0,0,0,0,0,0,0,0,0,0,0,
Transformation\Electricity Generation\Processes\Cape Town IPP Solar,Fixed OM Cost,Updated Utility Protection,Interp,South African Rand,0,0,0,0,0,0,0,0,0,0,0,0,0,0,0,0,0,0,0,0,0,0,0,0,0,0,0,0,0,0,0,0,0,
Transformation\Electricity Generation\Processes\Cape Town IPP Solar,Historical Production,Updated BAU GHS,Interp,Kilowatt-Hour,0,0,0,0,0,0,0,0,0,0,0,0,0,0,0,0,0,0,0,0,0,0,0,0,0,0,0,0,0,0,0,0,0,
Transformation\Electricity Generation\Processes\Cape Town IPP Solar,Historical Production,Updated LMI GHS,Interp,Kilowatt-Hour,0,0,0,0,0,0,0,0,0,0,0,0,0,0,0,0,0,0,0,0,0,0,0,0,0,0,0,0,0,0,0,0,0,
Transformation\Electricity Generation\Processes\Cape Town IPP Solar,Historical Production,Updated Pro Solar,Interp,Kilowatt-Hour,0,0,0,0,0,0,0,0,0,0,0,0,0,0,0,0,0,0,0,0,0,0,0,0,0,0,0,0,0,0,0,0,0,
Transformation\Electricity Generation\Processes\Cape Town IPP Solar,Historical Production,Updated Utility Protection,Interp,Kilowatt-Hour,0,0,0,0,0,0,0,0,0,0,0,0,0,0,0,0,0,0,0,0,0,0,0,0,0,0,0,0,0,0,0,0,0,
Transformation\Electricity Generation\Processes\Cape Town IPP Solar,Interest Rate,Updated BAU GHS,Interp,Percent,5,5,5,5,5,5,5,5,5,5,5,5,5,5,5,5,5,5,5,5,5,5,5,5,5,5,5,5,5,5,5,5,5,
Transformation\Electricity Generation\Processes\Cape Town IPP Solar,Interest Rate,Updated LMI GHS,Interp,Percent,5,5,5,5,5,5,5,5,5,5,5,5,5,5,5,5,5,5,5,5,5,5,5,5,5,5,5,5,5,5,5,5,5,
Transformation\Electricity Generation\Processes\Cape Town IPP Solar,Interest Rate,Updated Pro Solar,Interp,Percent,5,5,5,5,5,5,5,5,5,5,5,5,5,5,5,5,5,5,5,5,5,5,5,5,5,5,5,5,5,5,5,5,5,
Transformation\Electricity Generation\Processes\Cape Town IPP Solar,Interest Rate,Updated Utility Protection,Interp,Percent,5,5,5,5,5,5,5,5,5,5,5,5,5,5,5,5,5,5,5,5,5,5,5,5,5,5,5,5,5,5,5,5,5,
Transformation\Electricity Generation\Processes\Cape Town IPP Solar,Lifetime,Updated BAU GHS,Interp,Years,30,30,30,30,30,30,30,30,30,30,30,30,30,30,30,30,30,30,30,30,30,30,30,30,30,30,30,30,30,30,30,30,30,
Transformation\Electricity Generation\Processes\Cape Town IPP Solar,Lifetime,Updated LMI GHS,Interp,Years,30,30,30,30,30,30,30,30,30,30,30,30,30,30,30,30,30,30,30,30,30,30,30,30,30,30,30,30,30,30,30,30,30,
Transformation\Electricity Generation\Processes\Cape Town IPP Solar,Lifetime,Updated Pro Solar,Interp,Years,30,30,30,30,30,30,30,30,30,30,30,30,30,30,30,30,30,30,30,30,30,30,30,30,30,30,30,30,30,30,30,30,30,
Transformation\Electricity Generation\Processes\Cape Town IPP Solar,Lifetime,Updated Utility Protection,Interp,Years,30,30,30,30,30,30,30,30,30,30,30,30,30,30,30,30,30,30,30,30,30,30,30,30,30,30,30,30,30,30,30,30,30,
Transformation\Electricity Generation\Processes\Cape Town IPP Solar,Maximum Availability,Updated BAU GHS,Interp,Percent,27.04,27.04,27.04,27.04,27.04,27.04,27.04,27.04,27.04,27.04,27.04,27.04,27.04,27.04,27.04,27.04,27.04,27.04,27.04,27.04,27.04,27.04,27.04,27.04,27.04,27.04,27.04,27.04,27.04,27.04,27.04,27.04,27.04,
Transformation\Electricity Generation\Processes\Cape Town IPP Solar,Maximum Availability,Updated LMI GHS,Interp,Percent,27.04,27.04,27.04,27.04,27.04,27.04,27.04,27.04,27.04,27.04,27.04,27.04,27.04,27.04,27.04,27.04,27.04,27.04,27.04,27.04,27.04,27.04,27.04,27.04,27.04,27.04,27.04,27.04,27.04,27.04,27.04,27.04,27.04,
Transformation\Electricity Generation\Processes\Cape Town IPP Solar,Maximum Availability,Updated Pro Solar,Interp,Percent,27.04,27.04,27.04,27.04,27.04,27.04,27.04,27.04,27.04,27.04,27.04,27.04,27.04,27.04,27.04,27.04,27.04,27.04,27.04,27.04,27.04,27.04,27.04,27.04,27.04,27.04,27.04,27.04,27.04,27.04,27.04,27.04,27.04,
Transformation\Electricity Generation\Processes\Cape Town IPP Solar,Maximum Availability,Updated Utility Protection,Interp,Percent,27.04,27.04,27.04,27.04,27.04,27.04,27.04,27.04,27.04,27.04,27.04,27.04,27.04,27.04,27.04,27.04,27.04,27.04,27.04,27.04,27.04,27.04,27.04,27.04,27.04,27.04,27.04,27.04,27.04,27.04,27.04,27.04,27.04,
Transformation\Electricity Generation\Processes\Cape Town IPP Solar,Merit Order,Updated BAU GHS,Interp,Merit Order,1,1,1,1,1,1,1,1,1,1,1,1,1,1,1,1,1,1,1,1,1,1,1,1,1,1,1,1,1,1,1,1,1,
Transformation\Electricity Generation\Processes\Cape Town IPP Solar,Merit Order,Updated LMI GHS,Interp,Merit Order,1,1,1,1,1,1,1,1,1,1,1,1,1,1,1,1,1,1,1,1,1,1,1,1,1,1,1,1,1,1,1,1,1,
Transformation\Electricity Generation\Processes\Cape Town IPP Solar,Merit Order,Updated Pro Solar,Interp,Merit Order,1,1,1,1,1,1,1,1,1,1,1,1,1,1,1,1,1,1,1,1,1,1,1,1,1,1,1,1,1,1,1,1,1,
Transformation\Electricity Generation\Processes\Cape Town IPP Solar,Merit Order,Updated Utility Protection,Interp,Merit Order,1,1,1,1,1,1,1,1,1,1,1,1,1,1,1,1,1,1,1,1,1,1,1,1,1,1,1,1,1,1,1,1,1,
Transformation\Electricity Generation\Processes\Cape Town IPP Solar,Minimum Utilization,Updated BAU GHS,Interp,Percent,0,0,0,0,0,0,0,0,0,0,0,0,0,0,0,0,0,0,0,0,0,0,0,0,0,0,0,0,0,0,0,0,0,
Transformation\Electricity Generation\Processes\Cape Town IPP Solar,Minimum Utilization,Updated LMI GHS,Interp,Percent,0,0,0,0,0,0,0,0,0,0,0,0,0,0,0,0,0,0,0,0,0,0,0,0,0,0,0,0,0,0,0,0,0,
Transformation\Electricity Generation\Processes\Cape Town IPP Solar,Minimum Utilization,Updated Pro Solar,Interp,Percent,0,0,0,0,0,0,0,0,0,0,0,0,0,0,0,0,0,0,0,0,0,0,0,0,0,0,0,0,0,0,0,0,0,
Transformation\Electricity Generation\Processes\Cape Town IPP Solar,Minimum Utilization,Updated Utility Protection,Interp,Percent,0,0,0,0,0,0,0,0,0,0,0,0,0,0,0,0,0,0,0,0,0,0,0,0,0,0,0,0,0,0,0,0,0,
Transformation\Electricity Generation\Processes\Cape Town IPP Solar,Process Efficiency,Updated BAU GHS,Interp,Percent,100,100,100,100,100,100,100,100,100,100,100,100,100,100,100,100,100,100,100,100,100,100,100,100,100,100,100,100,100,100,100,100,100,
Transformation\Electricity Generation\Processes\Cape Town IPP Solar,Process Efficiency,Updated LMI GHS,Interp,Percent,100,100,100,100,100,100,100,100,100,100,100,100,100,100,100,100,100,100,100,100,100,100,100,100,100,100,100,100,100,100,100,100,100,
Transformation\Electricity Generation\Processes\Cape Town IPP Solar,Process Efficiency,Updated Pro Solar,Interp,Percent,100,100,100,100,100,100,100,100,100,100,100,100,100,100,100,100,100,100,100,100,100,100,100,100,100,100,100,100,100,100,100,100,100,
Transformation\Electricity Generation\Processes\Cape Town IPP Solar,Process Efficiency,Updated Utility Protection,Interp,Percent,100,100,100,100,100,100,100,100,100,100,100,100,100,100,100,100,100,100,100,100,100,100,100,100,100,100,100,100,100,100,100,100,100,
Transformation\Electricity Generation\Processes\Cape Town IPP Solar,Salvage Value,Updated BAU GHS,Interp,U.S. Dollar,0,0,0,0,0,0,0,0,0,0,0,0,0,0,0,0,0,0,0,0,0,0,0,0,0,0,0,0,0,0,0,0,0,
Transformation\Electricity Generation\Processes\Cape Town IPP Solar,Salvage Value,Updated LMI GHS,Interp,U.S. Dollar,0,0,0,0,0,0,0,0,0,0,0,0,0,0,0,0,0,0,0,0,0,0,0,0,0,0,0,0,0,0,0,0,0,
Transformation\Electricity Generation\Processes\Cape Town IPP Solar,Salvage Value,Updated Pro Solar,Interp,U.S. Dollar,0,0,0,0,0,0,0,0,0,0,0,0,0,0,0,0,0,0,0,0,0,0,0,0,0,0,0,0,0,0,0,0,0,
Transformation\Electricity Generation\Processes\Cape Town IPP Solar,Salvage Value,Updated Utility Protection,Interp,U.S. Dollar,0,0,0,0,0,0,0,0,0,0,0,0,0,0,0,0,0,0,0,0,0,0,0,0,0,0,0,0,0,0,0,0,0,
Transformation\Electricity Generation\Processes\Cape Town IPP Solar,Stranded Cost,Updated BAU GHS,Interp,U.S. Dollar,0,0,0,0,0,0,0,0,0,0,0,0,0,0,0,0,0,0,0,0,0,0,0,0,0,0,0,0,0,0,0,0,0,
Transformation\Electricity Generation\Processes\Cape Town IPP Solar,Stranded Cost,Updated LMI GHS,Interp,U.S. Dollar,0,0,0,0,0,0,0,0,0,0,0,0,0,0,0,0,0,0,0,0,0,0,0,0,0,0,0,0,0,0,0,0,0,
Transformation\Electricity Generation\Processes\Cape Town IPP Solar,Stranded Cost,Updated Pro Solar,Interp,U.S. Dollar,0,0,0,0,0,0,0,0,0,0,0,0,0,0,0,0,0,0,0,0,0,0,0,0,0,0,0,0,0,0,0,0,0,
Transformation\Electricity Generation\Processes\Cape Town IPP Solar,Stranded Cost,Updated Utility Protection,Interp,U.S. Dollar,0,0,0,0,0,0,0,0,0,0,0,0,0,0,0,0,0,0,0,0,0,0,0,0,0,0,0,0,0,0,0,0,0,
Transformation\Electricity Generation\Processes\Cape Town IPP Solar,Variable OM Cost,Updated BAU GHS,Interp,South African Rand,0,0,0,0,0,0,0,0,0,0,0,0,0,0,0,0,0,0,0,0,0,0,0,0,0,0,0,0,0,0,0,0,0,
Transformation\Electricity Generation\Processes\Cape Town IPP Solar,Variable OM Cost,Updated LMI GHS,Interp,South African Rand,0,0,0,0,0,0,0,0,0,0,0,0,0,0,0,0,0,0,0,0,0,0,0,0,0,0,0,0,0,0,0,0,0,
Transformation\Electricity Generation\Processes\Cape Town IPP Solar,Variable OM Cost,Updated Pro Solar,Interp,South African Rand,0,0,0,0,0,0,0,0,0,0,0,0,0,0,0,0,0,0,0,0,0,0,0,0,0,0,0,0,0,0,0,0,0,
Transformation\Electricity Generation\Processes\Cape Town IPP Solar,Variable OM Cost,Updated Utility Protection,Interp,South African Rand,0,0,0,0,0,0,0,0,0,0,0,0,0,0,0,0,0,0,0,0,0,0,0,0,0,0,0,0,0,0,0,0,0,
Transformation\Electricity Generation\Processes\Cape Town IPP Solar\Feedstock Fuels\Solar,Feedstock Fuel Share,Updated BAU GHS,Interp,U.S. Dollar,100,100,100,100,100,100,100,100,100,100,100,100,100,100,100,100,100,100,100,100,100,100,100,100,100,100,100,100,100,100,100,100,100,
Transformation\Electricity Generation\Processes\Cape Town IPP Solar\Feedstock Fuels\Solar,Feedstock Fuel Share,Updated LMI GHS,Interp,U.S. Dollar,100,100,100,100,100,100,100,100,100,100,100,100,100,100,100,100,100,100,100,100,100,100,100,100,100,100,100,100,100,100,100,100,100,
Transformation\Electricity Generation\Processes\Cape Town IPP Solar\Feedstock Fuels\Solar,Feedstock Fuel Share,Updated Pro Solar,Interp,U.S. Dollar,100,100,100,100,100,100,100,100,100,100,100,100,100,100,100,100,100,100,100,100,100,100,100,100,100,100,100,100,100,100,100,100,100,
Transformation\Electricity Generation\Processes\Cape Town IPP Solar\Feedstock Fuels\Solar,Feedstock Fuel Share,Updated Utility Protection,Interp,U.S. Dollar,100,100,100,100,100,100,100,100,100,100,100,100,100,100,100,100,100,100,100,100,100,100,100,100,100,100,100,100,100,100,100,100,100,
Transformation\Electricity Generation\Processes\Cape Town IPP Solar\Feedstock Fuels\Solar,Fuel Cost,Updated BAU GHS,Interp,U.S. Dollar,0,0,0,0,0,0,0,0,0,0,0,0,0,0,0,0,0,0,0,0,0,0,0,0,0,0,0,0,0,0,0,0,0,
Transformation\Electricity Generation\Processes\Cape Town IPP Solar\Feedstock Fuels\Solar,Fuel Cost,Updated LMI GHS,Interp,U.S. Dollar,0,0,0,0,0,0,0,0,0,0,0,0,0,0,0,0,0,0,0,0,0,0,0,0,0,0,0,0,0,0,0,0,0,
Transformation\Electricity Generation\Processes\Cape Town IPP Solar\Feedstock Fuels\Solar,Fuel Cost,Updated Pro Solar,Interp,U.S. Dollar,0,0,0,0,0,0,0,0,0,0,0,0,0,0,0,0,0,0,0,0,0,0,0,0,0,0,0,0,0,0,0,0,0,
Transformation\Electricity Generation\Processes\Cape Town IPP Solar\Feedstock Fuels\Solar,Fuel Cost,Updated Utility Protection,Interp,U.S. Dollar,0,0,0,0,0,0,0,0,0,0,0,0,0,0,0,0,0,0,0,0,0,0,0,0,0,0,0,0,0,0,0,0,0,
Transformation\Electricity Generation\Processes\Cape Town IPP Wind,Capacity Credit,Updated BAU GHS,Interp,Percent,100,100,100,100,100,100,100,100,100,100,100,100,100,100,100,100,100,100,100,100,100,100,100,100,100,100,100,100,100,100,100,100,100,
Transformation\Electricity Generation\Processes\Cape Town IPP Wind,Capacity Credit,Updated LMI GHS,Interp,Percent,100,100,100,100,100,100,100,100,100,100,100,100,100,100,100,100,100,100,100,100,100,100,100,100,100,100,100,100,100,100,100,100,100,
Transformation\Electricity Generation\Processes\Cape Town IPP Wind,Capacity Credit,Updated Pro Solar,Interp,Percent,100,100,100,100,100,100,100,100,100,100,100,100,100,100,100,100,100,100,100,100,100,100,100,100,100,100,100,100,100,100,100,100,100,
Transformation\Electricity Generation\Processes\Cape Town IPP Wind,Capacity Credit,Updated Utility Protection,Interp,Percent,100,100,100,100,100,100,100,100,100,100,100,100,100,100,100,100,100,100,100,100,100,100,100,100,100,100,100,100,100,100,100,100,100,
Transformation\Electricity Generation\Processes\Cape Town IPP Wind,Capital Cost,Updated BAU GHS,Interp,U.S. Dollar,0,0,0,0,0,0,0,0,0,0,0,0,0,0,0,0,0,0,0,0,0,0,0,0,0,0,0,0,0,0,0,0,0,
Transformation\Electricity Generation\Processes\Cape Town IPP Wind,Capital Cost,Updated LMI GHS,Interp,U.S. Dollar,0,0,0,0,0,0,0,0,0,0,0,0,0,0,0,0,0,0,0,0,0,0,0,0,0,0,0,0,0,0,0,0,0,
Transformation\Electricity Generation\Processes\Cape Town IPP Wind,Capital Cost,Updated Pro Solar,Interp,U.S. Dollar,0,0,0,0,0,0,0,0,0,0,0,0,0,0,0,0,0,0,0,0,0,0,0,0,0,0,0,0,0,0,0,0,0,
Transformation\Electricity Generation\Processes\Cape Town IPP Wind,Capital Cost,Updated Utility Protection,Interp,U.S. Dollar,0,0,0,0,0,0,0,0,0,0,0,0,0,0,0,0,0,0,0,0,0,0,0,0,0,0,0,0,0,0,0,0,0,
Transformation\Electricity Generation\Processes\Cape Town IPP Wind,Dispatch Rule,Updated BAU GHS,Interp,None,4,4,4,4,4,4,4,4,4,4,4,4,4,4,4,4,4,4,4,4,4,4,4,4,4,4,4,4,4,4,4,4,4,
Transformation\Electricity Generation\Processes\Cape Town IPP Wind,Dispatch Rule,Updated LMI GHS,Interp,None,4,4,4,4,4,4,4,4,4,4,4,4,4,4,4,4,4,4,4,4,4,4,4,4,4,4,4,4,4,4,4,4,4,
Transformation\Electricity Generation\Processes\Cape Town IPP Wind,Dispatch Rule,Updated Pro Solar,Interp,None,4,4,4,4,4,4,4,4,4,4,4,4,4,4,4,4,4,4,4,4,4,4,4,4,4,4,4,4,4,4,4,4,4,
Transformation\Electricity Generation\Processes\Cape Town IPP Wind,Dispatch Rule,Updated Utility Protection,Interp,None,4,4,4,4,4,4,4,4,4,4,4,4,4,4,4,4,4,4,4,4,4,4,4,4,4,4,4,4,4,4,4,4,4,
Transformation\Electricity Generation\Processes\Cape Town IPP Wind,Endogenous Capacity,Updated BAU GHS,Interp,Megawatt,0,0,0,0,0,0,0,0,0,0,0,0,0,0,0,0,0,0,0,0,0,0,0,0,0,0,0,0,0,0,0,0,0,
Transformation\Electricity Generation\Processes\Cape Town IPP Wind,Endogenous Capacity,Updated LMI GHS,Interp,Megawatt,0,0,0,0,0,0,0,0,0,0,0,0,0,0,0,0,0,0,0,0,0,0,0,0,0,0,0,0,0,0,0,0,0,
Transformation\Electricity Generation\Processes\Cape Town IPP Wind,Endogenous Capacity,Updated Pro Solar,Interp,Megawatt,0,0,0,0,0,0,0,0,0,0,0,0,0,0,0,0,0,0,0,0,0,0,0,0,0,0,0,0,0,0,0,0,0,
Transformation\Electricity Generation\Processes\Cape Town IPP Wind,Endogenous Capacity,Updated Utility Protection,Interp,Megawatt,0,0,0,0,0,0,0,0,0,0,0,0,0,0,0,0,0,0,0,0,0,0,0,0,0,0,0,0,0,0,0,0,0,
Transformation\Electricity Generation\Processes\Cape Town IPP Wind,Exogenous Capacity,Updated BAU GHS,Interp,Megawatt,0,0,0,0,0,0,0,57,86,114,143,171,200,240,280,320,360,400,440,480,520,560,600,600,600,600,600,600,600,600,600,600,600,
Transformation\Electricity Generation\Processes\Cape Town IPP Wind,Exogenous Capacity,Updated LMI GHS,Interp,Megawatt,0,0,0,0,0,0,0,57,86,114,143,171,200,240,280,320,360,400,440,480,520,560,600,600,600,600,600,600,600,600,600,600,600,
Transformation\Electricity Generation\Processes\Cape Town IPP Wind,Exogenous Capacity,Updated Pro Solar,Interp,Megawatt,0,0,0,0,0,0,0,57,86,114,143,171,200,240,280,320,360,400,440,480,520,560,600,600,600,600,600,600,600,600,600,600,600,
Transformation\Electricity Generation\Processes\Cape Town IPP Wind,Exogenous Capacity,Updated Utility Protection,Interp,Megawatt,0,0,0,0,0,0,0,57,86,114,143,171,200,240,280,320,360,400,440,480,520,560,600,600,600,600,600,600,600,600,600,600,600,
Transformation\Electricity Generation\Processes\Cape Town IPP Wind,First Simulation Year,Updated BAU GHS,Interp,Years,2024,2024,2024,2024,2024,2024,2024,2024,2024,2024,2024,2024,2024,2024,2024,2024,2024,2024,2024,2024,2024,2024,2024,2024,2024,2024,2024,2024,2024,2024,2024,2024,2024,
Transformation\Electricity Generation\Processes\Cape Town IPP Wind,First Simulation Year,Updated LMI GHS,Interp,Years,2024,2024,2024,2024,2024,2024,2024,2024,2024,2024,2024,2024,2024,2024,2024,2024,2024,2024,2024,2024,2024,2024,2024,2024,2024,2024,2024,2024,2024,2024,2024,2024,2024,
Transformation\Electricity Generation\Processes\Cape Town IPP Wind,First Simulation Year,Updated Pro Solar,Interp,Years,2024,2024,2024,2024,2024,2024,2024,2024,2024,2024,2024,2024,2024,2024,2024,2024,2024,2024,2024,2024,2024,2024,2024,2024,2024,2024,2024,2024,2024,2024,2024,2024,2024,
Transformation\Electricity Generation\Processes\Cape Town IPP Wind,First Simulation Year,Updated Utility Protection,Interp,Years,2024,2024,2024,2024,2024,2024,2024,2024,2024,2024,2024,2024,2024,2024,2024,2024,2024,2024,2024,2024,2024,2024,2024,2024,2024,2024,2024,2024,2024,2024,2024,2024,2024,
Transformation\Electricity Generation\Processes\Cape Town IPP Wind,Fixed OM Cost,Updated BAU GHS,Interp,South African Rand,0,0,0,0,0,0,0,0,0,0,0,0,0,0,0,0,0,0,0,0,0,0,0,0,0,0,0,0,0,0,0,0,0,
Transformation\Electricity Generation\Processes\Cape Town IPP Wind,Fixed OM Cost,Updated LMI GHS,Interp,South African Rand,0,0,0,0,0,0,0,0,0,0,0,0,0,0,0,0,0,0,0,0,0,0,0,0,0,0,0,0,0,0,0,0,0,
Transformation\Electricity Generation\Processes\Cape Town IPP Wind,Fixed OM Cost,Updated Pro Solar,Interp,South African Rand,0,0,0,0,0,0,0,0,0,0,0,0,0,0,0,0,0,0,0,0,0,0,0,0,0,0,0,0,0,0,0,0,0,
Transformation\Electricity Generation\Processes\Cape Town IPP Wind,Fixed OM Cost,Updated Utility Protection,Interp,South African Rand,0,0,0,0,0,0,0,0,0,0,0,0,0,0,0,0,0,0,0,0,0,0,0,0,0,0,0,0,0,0,0,0,0,
Transformation\Electricity Generation\Processes\Cape Town IPP Wind,Historical Production,Updated BAU GHS,Interp,Kilowatt-Hour,0,0,0,0,0,0,0,0,0,0,0,0,0,0,0,0,0,0,0,0,0,0,0,0,0,0,0,0,0,0,0,0,0,
Transformation\Electricity Generation\Processes\Cape Town IPP Wind,Historical Production,Updated LMI GHS,Interp,Kilowatt-Hour,0,0,0,0,0,0,0,0,0,0,0,0,0,0,0,0,0,0,0,0,0,0,0,0,0,0,0,0,0,0,0,0,0,
Transformation\Electricity Generation\Processes\Cape Town IPP Wind,Historical Production,Updated Pro Solar,Interp,Kilowatt-Hour,0,0,0,0,0,0,0,0,0,0,0,0,0,0,0,0,0,0,0,0,0,0,0,0,0,0,0,0,0,0,0,0,0,
Transformation\Electricity Generation\Processes\Cape Town IPP Wind,Historical Production,Updated Utility Protection,Interp,Kilowatt-Hour,0,0,0,0,0,0,0,0,0,0,0,0,0,0,0,0,0,0,0,0,0,0,0,0,0,0,0,0,0,0,0,0,0,
Transformation\Electricity Generation\Processes\Cape Town IPP Wind,Interest Rate,Updated BAU GHS,Interp,Percent,5,5,5,5,5,5,5,5,5,5,5,5,5,5,5,5,5,5,5,5,5,5,5,5,5,5,5,5,5,5,5,5,5,
Transformation\Electricity Generation\Processes\Cape Town IPP Wind,Interest Rate,Updated LMI GHS,Interp,Percent,5,5,5,5,5,5,5,5,5,5,5,5,5,5,5,5,5,5,5,5,5,5,5,5,5,5,5,5,5,5,5,5,5,
Transformation\Electricity Generation\Processes\Cape Town IPP Wind,Interest Rate,Updated Pro Solar,Interp,Percent,5,5,5,5,5,5,5,5,5,5,5,5,5,5,5,5,5,5,5,5,5,5,5,5,5,5,5,5,5,5,5,5,5,
Transformation\Electricity Generation\Processes\Cape Town IPP Wind,Interest Rate,Updated Utility Protection,Interp,Percent,5,5,5,5,5,5,5,5,5,5,5,5,5,5,5,5,5,5,5,5,5,5,5,5,5,5,5,5,5,5,5,5,5,
Transformation\Electricity Generation\Processes\Cape Town IPP Wind,Lifetime,Updated BAU GHS,Interp,Years,30,30,30,30,30,30,30,30,30,30,30,30,30,30,30,30,30,30,30,30,30,30,30,30,30,30,30,30,30,30,30,30,30,
Transformation\Electricity Generation\Processes\Cape Town IPP Wind,Lifetime,Updated LMI GHS,Interp,Years,30,30,30,30,30,30,30,30,30,30,30,30,30,30,30,30,30,30,30,30,30,30,30,30,30,30,30,30,30,30,30,30,30,
Transformation\Electricity Generation\Processes\Cape Town IPP Wind,Lifetime,Updated Pro Solar,Interp,Years,30,30,30,30,30,30,30,30,30,30,30,30,30,30,30,30,30,30,30,30,30,30,30,30,30,30,30,30,30,30,30,30,30,
Transformation\Electricity Generation\Processes\Cape Town IPP Wind,Lifetime,Updated Utility Protection,Interp,Years,30,30,30,30,30,30,30,30,30,30,30,30,30,30,30,30,30,30,30,30,30,30,30,30,30,30,30,30,30,30,30,30,30,
Transformation\Electricity Generation\Processes\Cape Town IPP Wind,Maximum Availability,Updated BAU GHS,Interp,Percent,24.43,24.43,24.43,24.43,24.43,24.43,24.43,24.43,24.43,24.43,24.43,24.43,24.43,24.43,24.43,24.43,24.43,24.43,24.43,24.43,24.43,24.43,24.43,24.43,24.43,24.43,24.43,24.43,24.43,24.43,24.43,24.43,24.43,
Transformation\Electricity Generation\Processes\Cape Town IPP Wind,Maximum Availability,Updated LMI GHS,Interp,Percent,24.43,24.43,24.43,24.43,24.43,24.43,24.43,24.43,24.43,24.43,24.43,24.43,24.43,24.43,24.43,24.43,24.43,24.43,24.43,24.43,24.43,24.43,24.43,24.43,24.43,24.43,24.43,24.43,24.43,24.43,24.43,24.43,24.43,
Transformation\Electricity Generation\Processes\Cape Town IPP Wind,Maximum Availability,Updated Pro Solar,Interp,Percent,24.43,24.43,24.43,24.43,24.43,24.43,24.43,24.43,24.43,24.43,24.43,24.43,24.43,24.43,24.43,24.43,24.43,24.43,24.43,24.43,24.43,24.43,24.43,24.43,24.43,24.43,24.43,24.43,24.43,24.43,24.43,24.43,24.43,
Transformation\Electricity Generation\Processes\Cape Town IPP Wind,Maximum Availability,Updated Utility Protection,Interp,Percent,24.43,24.43,24.43,24.43,24.43,24.43,24.43,24.43,24.43,24.43,24.43,24.43,24.43,24.43,24.43,24.43,24.43,24.43,24.43,24.43,24.43,24.43,24.43,24.43,24.43,24.43,24.43,24.43,24.43,24.43,24.43,24.43,24.43,
Transformation\Electricity Generation\Processes\Cape Town IPP Wind,Merit Order,Updated BAU GHS,Interp,Merit Order,1,1,1,1,1,1,1,1,1,1,1,1,1,1,1,1,1,1,1,1,1,1,1,1,1,1,1,1,1,1,1,1,1,
Transformation\Electricity Generation\Processes\Cape Town IPP Wind,Merit Order,Updated LMI GHS,Interp,Merit Order,1,1,1,1,1,1,1,1,1,1,1,1,1,1,1,1,1,1,1,1,1,1,1,1,1,1,1,1,1,1,1,1,1,
Transformation\Electricity Generation\Processes\Cape Town IPP Wind,Merit Order,Updated Pro Solar,Interp,Merit Order,1,1,1,1,1,1,1,1,1,1,1,1,1,1,1,1,1,1,1,1,1,1,1,1,1,1,1,1,1,1,1,1,1,
Transformation\Electricity Generation\Processes\Cape Town IPP Wind,Merit Order,Updated Utility Protection,Interp,Merit Order,1,1,1,1,1,1,1,1,1,1,1,1,1,1,1,1,1,1,1,1,1,1,1,1,1,1,1,1,1,1,1,1,1,
Transformation\Electricity Generation\Processes\Cape Town IPP Wind,Minimum Utilization,Updated BAU GHS,Interp,Percent,0,0,0,0,0,0,0,0,0,0,0,0,0,0,0,0,0,0,0,0,0,0,0,0,0,0,0,0,0,0,0,0,0,
Transformation\Electricity Generation\Processes\Cape Town IPP Wind,Minimum Utilization,Updated LMI GHS,Interp,Percent,0,0,0,0,0,0,0,0,0,0,0,0,0,0,0,0,0,0,0,0,0,0,0,0,0,0,0,0,0,0,0,0,0,
Transformation\Electricity Generation\Processes\Cape Town IPP Wind,Minimum Utilization,Updated Pro Solar,Interp,Percent,0,0,0,0,0,0,0,0,0,0,0,0,0,0,0,0,0,0,0,0,0,0,0,0,0,0,0,0,0,0,0,0,0,
Transformation\Electricity Generation\Processes\Cape Town IPP Wind,Minimum Utilization,Updated Utility Protection,Interp,Percent,0,0,0,0,0,0,0,0,0,0,0,0,0,0,0,0,0,0,0,0,0,0,0,0,0,0,0,0,0,0,0,0,0,
Transformation\Electricity Generation\Processes\Cape Town IPP Wind,Process Efficiency,Updated BAU GHS,Interp,Percent,100,100,100,100,100,100,100,100,100,100,100,100,100,100,100,100,100,100,100,100,100,100,100,100,100,100,100,100,100,100,100,100,100,
Transformation\Electricity Generation\Processes\Cape Town IPP Wind,Process Efficiency,Updated LMI GHS,Interp,Percent,100,100,100,100,100,100,100,100,100,100,100,100,100,100,100,100,100,100,100,100,100,100,100,100,100,100,100,100,100,100,100,100,100,
Transformation\Electricity Generation\Processes\Cape Town IPP Wind,Process Efficiency,Updated Pro Solar,Interp,Percent,100,100,100,100,100,100,100,100,100,100,100,100,100,100,100,100,100,100,100,100,100,100,100,100,100,100,100,100,100,100,100,100,100,
Transformation\Electricity Generation\Processes\Cape Town IPP Wind,Process Efficiency,Updated Utility Protection,Interp,Percent,100,100,100,100,100,100,100,100,100,100,100,100,100,100,100,100,100,100,100,100,100,100,100,100,100,100,100,100,100,100,100,100,100,
Transformation\Electricity Generation\Processes\Cape Town IPP Wind,Salvage Value,Updated BAU GHS,Interp,U.S. Dollar,0,0,0,0,0,0,0,0,0,0,0,0,0,0,0,0,0,0,0,0,0,0,0,0,0,0,0,0,0,0,0,0,0,
Transformation\Electricity Generation\Processes\Cape Town IPP Wind,Salvage Value,Updated LMI GHS,Interp,U.S. Dollar,0,0,0,0,0,0,0,0,0,0,0,0,0,0,0,0,0,0,0,0,0,0,0,0,0,0,0,0,0,0,0,0,0,
Transformation\Electricity Generation\Processes\Cape Town IPP Wind,Salvage Value,Updated Pro Solar,Interp,U.S. Dollar,0,0,0,0,0,0,0,0,0,0,0,0,0,0,0,0,0,0,0,0,0,0,0,0,0,0,0,0,0,0,0,0,0,
Transformation\Electricity Generation\Processes\Cape Town IPP Wind,Salvage Value,Updated Utility Protection,Interp,U.S. Dollar,0,0,0,0,0,0,0,0,0,0,0,0,0,0,0,0,0,0,0,0,0,0,0,0,0,0,0,0,0,0,0,0,0,
Transformation\Electricity Generation\Processes\Cape Town IPP Wind,Stranded Cost,Updated BAU GHS,Interp,U.S. Dollar,0,0,0,0,0,0,0,0,0,0,0,0,0,0,0,0,0,0,0,0,0,0,0,0,0,0,0,0,0,0,0,0,0,
Transformation\Electricity Generation\Processes\Cape Town IPP Wind,Stranded Cost,Updated LMI GHS,Interp,U.S. Dollar,0,0,0,0,0,0,0,0,0,0,0,0,0,0,0,0,0,0,0,0,0,0,0,0,0,0,0,0,0,0,0,0,0,
Transformation\Electricity Generation\Processes\Cape Town IPP Wind,Stranded Cost,Updated Pro Solar,Interp,U.S. Dollar,0,0,0,0,0,0,0,0,0,0,0,0,0,0,0,0,0,0,0,0,0,0,0,0,0,0,0,0,0,0,0,0,0,
Transformation\Electricity Generation\Processes\Cape Town IPP Wind,Stranded Cost,Updated Utility Protection,Interp,U.S. Dollar,0,0,0,0,0,0,0,0,0,0,0,0,0,0,0,0,0,0,0,0,0,0,0,0,0,0,0,0,0,0,0,0,0,
Transformation\Electricity Generation\Processes\Cape Town IPP Wind,Variable OM Cost,Updated BAU GHS,Interp,South African Rand,0,0,0,0,0,0,0,0,0,0,0,0,0,0,0,0,0,0,0,0,0,0,0,0,0,0,0,0,0,0,0,0,0,
Transformation\Electricity Generation\Processes\Cape Town IPP Wind,Variable OM Cost,Updated LMI GHS,Interp,South African Rand,0,0,0,0,0,0,0,0,0,0,0,0,0,0,0,0,0,0,0,0,0,0,0,0,0,0,0,0,0,0,0,0,0,
Transformation\Electricity Generation\Processes\Cape Town IPP Wind,Variable OM Cost,Updated Pro Solar,Interp,South African Rand,0,0,0,0,0,0,0,0,0,0,0,0,0,0,0,0,0,0,0,0,0,0,0,0,0,0,0,0,0,0,0,0,0,
Transformation\Electricity Generation\Processes\Cape Town IPP Wind,Variable OM Cost,Updated Utility Protection,Interp,South African Rand,0,0,0,0,0,0,0,0,0,0,0,0,0,0,0,0,0,0,0,0,0,0,0,0,0,0,0,0,0,0,0,0,0,
Transformation\Electricity Generation\Processes\Cape Town IPP Wind\Feedstock Fuels\Wind,Feedstock Fuel Share,Updated BAU GHS,Interp,U.S. Dollar,100,100,100,100,100,100,100,100,100,100,100,100,100,100,100,100,100,100,100,100,100,100,100,100,100,100,100,100,100,100,100,100,100,
Transformation\Electricity Generation\Processes\Cape Town IPP Wind\Feedstock Fuels\Wind,Feedstock Fuel Share,Updated LMI GHS,Interp,U.S. Dollar,100,100,100,100,100,100,100,100,100,100,100,100,100,100,100,100,100,100,100,100,100,100,100,100,100,100,100,100,100,100,100,100,100,
Transformation\Electricity Generation\Processes\Cape Town IPP Wind\Feedstock Fuels\Wind,Feedstock Fuel Share,Updated Pro Solar,Interp,U.S. Dollar,100,100,100,100,100,100,100,100,100,100,100,100,100,100,100,100,100,100,100,100,100,100,100,100,100,100,100,100,100,100,100,100,100,
Transformation\Electricity Generation\Processes\Cape Town IPP Wind\Feedstock Fuels\Wind,Feedstock Fuel Share,Updated Utility Protection,Interp,U.S. Dollar,100,100,100,100,100,100,100,100,100,100,100,100,100,100,100,100,100,100,100,100,100,100,100,100,100,100,100,100,100,100,100,100,100,
Transformation\Electricity Generation\Processes\Cape Town IPP Wind\Feedstock Fuels\Wind,Fuel Cost,Updated BAU GHS,Interp,U.S. Dollar,0,0,0,0,0,0,0,0,0,0,0,0,0,0,0,0,0,0,0,0,0,0,0,0,0,0,0,0,0,0,0,0,0,
Transformation\Electricity Generation\Processes\Cape Town IPP Wind\Feedstock Fuels\Wind,Fuel Cost,Updated LMI GHS,Interp,U.S. Dollar,0,0,0,0,0,0,0,0,0,0,0,0,0,0,0,0,0,0,0,0,0,0,0,0,0,0,0,0,0,0,0,0,0,
Transformation\Electricity Generation\Processes\Cape Town IPP Wind\Feedstock Fuels\Wind,Fuel Cost,Updated Pro Solar,Interp,U.S. Dollar,0,0,0,0,0,0,0,0,0,0,0,0,0,0,0,0,0,0,0,0,0,0,0,0,0,0,0,0,0,0,0,0,0,
Transformation\Electricity Generation\Processes\Cape Town IPP Wind\Feedstock Fuels\Wind,Fuel Cost,Updated Utility Protection,Interp,U.S. Dollar,0,0,0,0,0,0,0,0,0,0,0,0,0,0,0,0,0,0,0,0,0,0,0,0,0,0,0,0,0,0,0,0,0,
Transformation\Electricity Generation\Processes\Eskom IPP Non Renewable,Capacity Credit,Updated BAU GHS,Interp,Percent,100,100,100,100,100,100,100,100,100,100,100,100,100,100,100,100,100,100,100,100,100,100,100,100,100,100,100,100,100,100,100,100,100,
Transformation\Electricity Generation\Processes\Eskom IPP Non Renewable,Capacity Credit,Updated LMI GHS,Interp,Percent,100,100,100,100,100,100,100,100,100,100,100,100,100,100,100,100,100,100,100,100,100,100,100,100,100,100,100,100,100,100,100,100,100,
Transformation\Electricity Generation\Processes\Eskom IPP Non Renewable,Capacity Credit,Updated Pro Solar,Interp,Percent,100,100,100,100,100,100,100,100,100,100,100,100,100,100,100,100,100,100,100,100,100,100,100,100,100,100,100,100,100,100,100,100,100,
Transformation\Electricity Generation\Processes\Eskom IPP Non Renewable,Capacity Credit,Updated Utility Protection,Interp,Percent,100,100,100,100,100,100,100,100,100,100,100,100,100,100,100,100,100,100,100,100,100,100,100,100,100,100,100,100,100,100,100,100,100,
Transformation\Electricity Generation\Processes\Eskom IPP Non Renewable,Capital Cost,Updated BAU GHS,Interp,U.S. Dollar,0,0,0,0,0,0,0,0,0,0,0,0,0,0,0,0,0,0,0,0,0,0,0,0,0,0,0,0,0,0,0,0,0,
Transformation\Electricity Generation\Processes\Eskom IPP Non Renewable,Capital Cost,Updated LMI GHS,Interp,U.S. Dollar,0,0,0,0,0,0,0,0,0,0,0,0,0,0,0,0,0,0,0,0,0,0,0,0,0,0,0,0,0,0,0,0,0,
Transformation\Electricity Generation\Processes\Eskom IPP Non Renewable,Capital Cost,Updated Pro Solar,Interp,U.S. Dollar,0,0,0,0,0,0,0,0,0,0,0,0,0,0,0,0,0,0,0,0,0,0,0,0,0,0,0,0,0,0,0,0,0,
Transformation\Electricity Generation\Processes\Eskom IPP Non Renewable,Capital Cost,Updated Utility Protection,Interp,U.S. Dollar,0,0,0,0,0,0,0,0,0,0,0,0,0,0,0,0,0,0,0,0,0,0,0,0,0,0,0,0,0,0,0,0,0,
Transformation\Electricity Generation\Processes\Eskom IPP Non Renewable,Dispatch Rule,Updated BAU GHS,Interp,None,4,4,4,4,4,4,4,4,4,4,4,4,4,4,4,4,4,4,4,4,4,4,4,4,4,4,4,4,4,4,4,4,4,
Transformation\Electricity Generation\Processes\Eskom IPP Non Renewable,Dispatch Rule,Updated LMI GHS,Interp,None,4,4,4,4,4,4,4,4,4,4,4,4,4,4,4,4,4,4,4,4,4,4,4,4,4,4,4,4,4,4,4,4,4,
Transformation\Electricity Generation\Processes\Eskom IPP Non Renewable,Dispatch Rule,Updated Pro Solar,Interp,None,4,4,4,4,4,4,4,4,4,4,4,4,4,4,4,4,4,4,4,4,4,4,4,4,4,4,4,4,4,4,4,4,4,
Transformation\Electricity Generation\Processes\Eskom IPP Non Renewable,Dispatch Rule,Updated Utility Protection,Interp,None,4,4,4,4,4,4,4,4,4,4,4,4,4,4,4,4,4,4,4,4,4,4,4,4,4,4,4,4,4,4,4,4,4,
Transformation\Electricity Generation\Processes\Eskom IPP Non Renewable,Endogenous Capacity,Updated BAU GHS,Interp,Megawatt,0,0,0,0,0,0,0,0,0,0,0,0,0,0,0,0,0,0,0,0,0,0,0,0,0,0,0,0,0,0,0,0,0,
Transformation\Electricity Generation\Processes\Eskom IPP Non Renewable,Endogenous Capacity,Updated LMI GHS,Interp,Megawatt,0,0,0,0,0,0,0,0,0,0,0,0,0,0,0,0,0,0,0,0,0,0,0,0,0,0,0,0,0,0,0,0,0,
Transformation\Electricity Generation\Processes\Eskom IPP Non Renewable,Endogenous Capacity,Updated Pro Solar,Interp,Megawatt,0,0,0,0,0,0,0,0,0,0,0,0,0,0,0,0,0,0,0,0,0,0,0,0,0,0,0,0,0,0,0,0,0,
Transformation\Electricity Generation\Processes\Eskom IPP Non Renewable,Endogenous Capacity,Updated Utility Protection,Interp,Megawatt,0,0,0,0,0,0,0,0,0,0,0,0,0,0,0,0,0,0,0,0,0,0,0,0,0,0,0,0,0,0,0,0,0,
Transformation\Electricity Generation\Processes\Eskom IPP Non Renewable,Exogenous Capacity,Updated BAU GHS,Interp,Megawatt,0,0,0,0,0,0,5.08,5.08,5.08,5.08,5.08,5.08,5.08,5.08,5.08,5.08,5.08,5.08,5.08,5.08,5.08,5.08,5.08,5.08,5.08,5.08,5.08,5.08,5.08,5.08,5.08,5.08,5.08,
Transformation\Electricity Generation\Processes\Eskom IPP Non Renewable,Exogenous Capacity,Updated LMI GHS,Interp,Megawatt,0,0,0,0,0,0,5.08,5.08,5.08,5.08,5.08,5.08,5.08,5.08,5.08,5.08,5.08,5.08,5.08,5.08,5.08,5.08,5.08,5.08,5.08,5.08,5.08,5.08,5.08,5.08,5.08,5.08,5.08,
Transformation\Electricity Generation\Processes\Eskom IPP Non Renewable,Exogenous Capacity,Updated Pro Solar,Interp,Megawatt,0,0,0,0,0,0,5.08,5.08,5.08,5.08,5.08,5.08,5.08,5.08,5.08,5.08,5.08,5.08,5.08,5.08,5.08,5.08,5.08,5.08,5.08,5.08,5.08,5.08,5.08,5.08,5.08,5.08,5.08,
Transformation\Electricity Generation\Processes\Eskom IPP Non Renewable,Exogenous Capacity,Updated Utility Protection,Interp,Megawatt,0,0,0,0,0,0,5.08,5.08,5.08,5.08,5.08,5.08,5.08,5.08,5.08,5.08,5.08,5.08,5.08,5.08,5.08,5.08,5.08,5.08,5.08,5.08,5.08,5.08,5.08,5.08,5.08,5.08,5.08,
Transformation\Electricity Generation\Processes\Eskom IPP Non Renewable,First Simulation Year,Updated BAU GHS,Interp,Years,2024,2024,2024,2024,2024,2024,2024,2024,2024,2024,2024,2024,2024,2024,2024,2024,2024,2024,2024,2024,2024,2024,2024,2024,2024,2024,2024,2024,2024,2024,2024,2024,2024,
Transformation\Electricity Generation\Processes\Eskom IPP Non Renewable,First Simulation Year,Updated LMI GHS,Interp,Years,2024,2024,2024,2024,2024,2024,2024,2024,2024,2024,2024,2024,2024,2024,2024,2024,2024,2024,2024,2024,2024,2024,2024,2024,2024,2024,2024,2024,2024,2024,2024,2024,2024,
Transformation\Electricity Generation\Processes\Eskom IPP Non Renewable,First Simulation Year,Updated Pro Solar,Interp,Years,2024,2024,2024,2024,2024,2024,2024,2024,2024,2024,2024,2024,2024,2024,2024,2024,2024,2024,2024,2024,2024,2024,2024,2024,2024,2024,2024,2024,2024,2024,2024,2024,2024,
Transformation\Electricity Generation\Processes\Eskom IPP Non Renewable,First Simulation Year,Updated Utility Protection,Interp,Years,2024,2024,2024,2024,2024,2024,2024,2024,2024,2024,2024,2024,2024,2024,2024,2024,2024,2024,2024,2024,2024,2024,2024,2024,2024,2024,2024,2024,2024,2024,2024,2024,2024,
Transformation\Electricity Generation\Processes\Eskom IPP Non Renewable,Fixed OM Cost,Updated BAU GHS,Interp,South African Rand,0,0,0,0,0,0,0,0,0,0,0,0,0,0,0,0,0,0,0,0,0,0,0,0,0,0,0,0,0,0,0,0,0,
Transformation\Electricity Generation\Processes\Eskom IPP Non Renewable,Fixed OM Cost,Updated LMI GHS,Interp,South African Rand,0,0,0,0,0,0,0,0,0,0,0,0,0,0,0,0,0,0,0,0,0,0,0,0,0,0,0,0,0,0,0,0,0,
Transformation\Electricity Generation\Processes\Eskom IPP Non Renewable,Fixed OM Cost,Updated Pro Solar,Interp,South African Rand,0,0,0,0,0,0,0,0,0,0,0,0,0,0,0,0,0,0,0,0,0,0,0,0,0,0,0,0,0,0,0,0,0,
Transformation\Electricity Generation\Processes\Eskom IPP Non Renewable,Fixed OM Cost,Updated Utility Protection,Interp,South African Rand,0,0,0,0,0,0,0,0,0,0,0,0,0,0,0,0,0,0,0,0,0,0,0,0,0,0,0,0,0,0,0,0,0,
Transformation\Electricity Generation\Processes\Eskom IPP Non Renewable,Historical Production,Updated BAU GHS,Interp,Kilowatt-Hour,0,0,0,0,0,0,0,0,0,0,0,0,0,0,0,0,0,0,0,0,0,0,0,0,0,0,0,0,0,0,0,0,0,
Transformation\Electricity Generation\Processes\Eskom IPP Non Renewable,Historical Production,Updated LMI GHS,Interp,Kilowatt-Hour,0,0,0,0,0,0,0,0,0,0,0,0,0,0,0,0,0,0,0,0,0,0,0,0,0,0,0,0,0,0,0,0,0,
Transformation\Electricity Generation\Processes\Eskom IPP Non Renewable,Historical Production,Updated Pro Solar,Interp,Kilowatt-Hour,0,0,0,0,0,0,0,0,0,0,0,0,0,0,0,0,0,0,0,0,0,0,0,0,0,0,0,0,0,0,0,0,0,
Transformation\Electricity Generation\Processes\Eskom IPP Non Renewable,Historical Production,Updated Utility Protection,Interp,Kilowatt-Hour,0,0,0,0,0,0,0,0,0,0,0,0,0,0,0,0,0,0,0,0,0,0,0,0,0,0,0,0,0,0,0,0,0,
Transformation\Electricity Generation\Processes\Eskom IPP Non Renewable,Interest Rate,Updated BAU GHS,Interp,Percent,5,5,5,5,5,5,5,5,5,5,5,5,5,5,5,5,5,5,5,5,5,5,5,5,5,5,5,5,5,5,5,5,5,
Transformation\Electricity Generation\Processes\Eskom IPP Non Renewable,Interest Rate,Updated LMI GHS,Interp,Percent,5,5,5,5,5,5,5,5,5,5,5,5,5,5,5,5,5,5,5,5,5,5,5,5,5,5,5,5,5,5,5,5,5,
Transformation\Electricity Generation\Processes\Eskom IPP Non Renewable,Interest Rate,Updated Pro Solar,Interp,Percent,5,5,5,5,5,5,5,5,5,5,5,5,5,5,5,5,5,5,5,5,5,5,5,5,5,5,5,5,5,5,5,5,5,
Transformation\Electricity Generation\Processes\Eskom IPP Non Renewable,Interest Rate,Updated Utility Protection,Interp,Percent,5,5,5,5,5,5,5,5,5,5,5,5,5,5,5,5,5,5,5,5,5,5,5,5,5,5,5,5,5,5,5,5,5,
Transformation\Electricity Generation\Processes\Eskom IPP Non Renewable,Lifetime,Updated BAU GHS,Interp,Years,30,30,30,30,30,30,30,30,30,30,30,30,30,30,30,30,30,30,30,30,30,30,30,30,30,30,30,30,30,30,30,30,30,
Transformation\Electricity Generation\Processes\Eskom IPP Non Renewable,Lifetime,Updated LMI GHS,Interp,Years,30,30,30,30,30,30,30,30,30,30,30,30,30,30,30,30,30,30,30,30,30,30,30,30,30,30,30,30,30,30,30,30,30,
Transformation\Electricity Generation\Processes\Eskom IPP Non Renewable,Lifetime,Updated Pro Solar,Interp,Years,30,30,30,30,30,30,30,30,30,30,30,30,30,30,30,30,30,30,30,30,30,30,30,30,30,30,30,30,30,30,30,30,30,
Transformation\Electricity Generation\Processes\Eskom IPP Non Renewable,Lifetime,Updated Utility Protection,Interp,Years,30,30,30,30,30,30,30,30,30,30,30,30,30,30,30,30,30,30,30,30,30,30,30,30,30,30,30,30,30,30,30,30,30,
Transformation\Electricity Generation\Processes\Eskom IPP Non Renewable,Maximum Availability,Updated BAU GHS,Interp,Percent,0,0,0,0,0,0,0,0,0,0,0,0,0,0,0,0,0,0,0,0,0,0,0,0,0,0,0,0,0,0,0,0,0,
Transformation\Electricity Generation\Processes\Eskom IPP Non Renewable,Maximum Availability,Updated LMI GHS,Interp,Percent,0,0,0,0,0,0,0,0,0,0,0,0,0,0,0,0,0,0,0,0,0,0,0,0,0,0,0,0,0,0,0,0,0,
Transformation\Electricity Generation\Processes\Eskom IPP Non Renewable,Maximum Availability,Updated Pro Solar,Interp,Percent,0,0,0,0,0,0,0,0,0,0,0,0,0,0,0,0,0,0,0,0,0,0,0,0,0,0,0,0,0,0,0,0,0,
Transformation\Electricity Generation\Processes\Eskom IPP Non Renewable,Maximum Availability,Updated Utility Protection,Interp,Percent,0,0,0,0,0,0,0,0,0,0,0,0,0,0,0,0,0,0,0,0,0,0,0,0,0,0,0,0,0,0,0,0,0,
Transformation\Electricity Generation\Processes\Eskom IPP Non Renewable,Merit Order,Updated BAU GHS,Interp,Merit Order,1,1,1,1,1,1,1,1,1,1,1,1,1,1,1,1,1,1,1,1,1,1,1,1,1,1,1,1,1,1,1,1,1,
Transformation\Electricity Generation\Processes\Eskom IPP Non Renewable,Merit Order,Updated LMI GHS,Interp,Merit Order,1,1,1,1,1,1,1,1,1,1,1,1,1,1,1,1,1,1,1,1,1,1,1,1,1,1,1,1,1,1,1,1,1,
Transformation\Electricity Generation\Processes\Eskom IPP Non Renewable,Merit Order,Updated Pro Solar,Interp,Merit Order,1,1,1,1,1,1,1,1,1,1,1,1,1,1,1,1,1,1,1,1,1,1,1,1,1,1,1,1,1,1,1,1,1,
Transformation\Electricity Generation\Processes\Eskom IPP Non Renewable,Merit Order,Updated Utility Protection,Interp,Merit Order,1,1,1,1,1,1,1,1,1,1,1,1,1,1,1,1,1,1,1,1,1,1,1,1,1,1,1,1,1,1,1,1,1,
Transformation\Electricity Generation\Processes\Eskom IPP Non Renewable,Minimum Utilization,Updated BAU GHS,Interp,Percent,0,0,0,0,0,0,0,0,0,0,0,0,0,0,0,0,0,0,0,0,0,0,0,0,0,0,0,0,0,0,0,0,0,
Transformation\Electricity Generation\Processes\Eskom IPP Non Renewable,Minimum Utilization,Updated LMI GHS,Interp,Percent,0,0,0,0,0,0,0,0,0,0,0,0,0,0,0,0,0,0,0,0,0,0,0,0,0,0,0,0,0,0,0,0,0,
Transformation\Electricity Generation\Processes\Eskom IPP Non Renewable,Minimum Utilization,Updated Pro Solar,Interp,Percent,0,0,0,0,0,0,0,0,0,0,0,0,0,0,0,0,0,0,0,0,0,0,0,0,0,0,0,0,0,0,0,0,0,
Transformation\Electricity Generation\Processes\Eskom IPP Non Renewable,Minimum Utilization,Updated Utility Protection,Interp,Percent,0,0,0,0,0,0,0,0,0,0,0,0,0,0,0,0,0,0,0,0,0,0,0,0,0,0,0,0,0,0,0,0,0,
Transformation\Electricity Generation\Processes\Eskom IPP Non Renewable,Process Efficiency,Updated BAU GHS,Interp,Percent,100,100,100,100,100,100,100,100,100,100,100,100,100,100,100,100,100,100,100,100,100,100,100,100,100,100,100,100,100,100,100,100,100,
Transformation\Electricity Generation\Processes\Eskom IPP Non Renewable,Process Efficiency,Updated LMI GHS,Interp,Percent,100,100,100,100,100,100,100,100,100,100,100,100,100,100,100,100,100,100,100,100,100,100,100,100,100,100,100,100,100,100,100,100,100,
Transformation\Electricity Generation\Processes\Eskom IPP Non Renewable,Process Efficiency,Updated Pro Solar,Interp,Percent,100,100,100,100,100,100,100,100,100,100,100,100,100,100,100,100,100,100,100,100,100,100,100,100,100,100,100,100,100,100,100,100,100,
Transformation\Electricity Generation\Processes\Eskom IPP Non Renewable,Process Efficiency,Updated Utility Protection,Interp,Percent,100,100,100,100,100,100,100,100,100,100,100,100,100,100,100,100,100,100,100,100,100,100,100,100,100,100,100,100,100,100,100,100,100,
Transformation\Electricity Generation\Processes\Eskom IPP Non Renewable,Salvage Value,Updated BAU GHS,Interp,U.S. Dollar,0,0,0,0,0,0,0,0,0,0,0,0,0,0,0,0,0,0,0,0,0,0,0,0,0,0,0,0,0,0,0,0,0,
Transformation\Electricity Generation\Processes\Eskom IPP Non Renewable,Salvage Value,Updated LMI GHS,Interp,U.S. Dollar,0,0,0,0,0,0,0,0,0,0,0,0,0,0,0,0,0,0,0,0,0,0,0,0,0,0,0,0,0,0,0,0,0,
Transformation\Electricity Generation\Processes\Eskom IPP Non Renewable,Salvage Value,Updated Pro Solar,Interp,U.S. Dollar,0,0,0,0,0,0,0,0,0,0,0,0,0,0,0,0,0,0,0,0,0,0,0,0,0,0,0,0,0,0,0,0,0,
Transformation\Electricity Generation\Processes\Eskom IPP Non Renewable,Salvage Value,Updated Utility Protection,Interp,U.S. Dollar,0,0,0,0,0,0,0,0,0,0,0,0,0,0,0,0,0,0,0,0,0,0,0,0,0,0,0,0,0,0,0,0,0,
Transformation\Electricity Generation\Processes\Eskom IPP Non Renewable,Stranded Cost,Updated BAU GHS,Interp,U.S. Dollar,0,0,0,0,0,0,0,0,0,0,0,0,0,0,0,0,0,0,0,0,0,0,0,0,0,0,0,0,0,0,0,0,0,
Transformation\Electricity Generation\Processes\Eskom IPP Non Renewable,Stranded Cost,Updated LMI GHS,Interp,U.S. Dollar,0,0,0,0,0,0,0,0,0,0,0,0,0,0,0,0,0,0,0,0,0,0,0,0,0,0,0,0,0,0,0,0,0,
Transformation\Electricity Generation\Processes\Eskom IPP Non Renewable,Stranded Cost,Updated Pro Solar,Interp,U.S. Dollar,0,0,0,0,0,0,0,0,0,0,0,0,0,0,0,0,0,0,0,0,0,0,0,0,0,0,0,0,0,0,0,0,0,
Transformation\Electricity Generation\Processes\Eskom IPP Non Renewable,Stranded Cost,Updated Utility Protection,Interp,U.S. Dollar,0,0,0,0,0,0,0,0,0,0,0,0,0,0,0,0,0,0,0,0,0,0,0,0,0,0,0,0,0,0,0,0,0,
Transformation\Electricity Generation\Processes\Eskom IPP Non Renewable,Variable OM Cost,Updated BAU GHS,Interp,South African Rand,865,865,865,865,865,865,865,865,865,865,865,865,865,865,865,865,865,865,865,865,865,865,865,865,865,865,865,865,865,865,865,865,865,
Transformation\Electricity Generation\Processes\Eskom IPP Non Renewable,Variable OM Cost,Updated LMI GHS,Interp,South African Rand,865,865,865,865,865,865,865,865,865,865,865,865,865,865,865,865,865,865,865,865,865,865,865,865,865,865,865,865,865,865,865,865,865,
Transformation\Electricity Generation\Processes\Eskom IPP Non Renewable,Variable OM Cost,Updated Pro Solar,Interp,South African Rand,865,865,865,865,865,865,865,865,865,865,865,865,865,865,865,865,865,865,865,865,865,865,865,865,865,865,865,865,865,865,865,865,865,
Transformation\Electricity Generation\Processes\Eskom IPP Non Renewable,Variable OM Cost,Updated Utility Protection,Interp,South African Rand,865,865,865,865,865,865,865,865,865,865,865,865,865,865,865,865,865,865,865,865,865,865,865,865,865,865,865,865,865,865,865,865,865,
Transformation\Electricity Generation\Processes\Eskom IPP Non Renewable\Feedstock Fuels\Oil,Feedstock Fuel Share,Updated BAU GHS,Interp,U.S. Dollar,100,100,100,100,100,100,100,100,100,100,100,100,100,100,100,100,100,100,100,100,100,100,100,100,100,100,100,100,100,100,100,100,100,
Transformation\Electricity Generation\Processes\Eskom IPP Non Renewable\Feedstock Fuels\Oil,Feedstock Fuel Share,Updated LMI GHS,Interp,U.S. Dollar,100,100,100,100,100,100,100,100,100,100,100,100,100,100,100,100,100,100,100,100,100,100,100,100,100,100,100,100,100,100,100,100,100,
Transformation\Electricity Generation\Processes\Eskom IPP Non Renewable\Feedstock Fuels\Oil,Feedstock Fuel Share,Updated Pro Solar,Interp,U.S. Dollar,100,100,100,100,100,100,100,100,100,100,100,100,100,100,100,100,100,100,100,100,100,100,100,100,100,100,100,100,100,100,100,100,100,
Transformation\Electricity Generation\Processes\Eskom IPP Non Renewable\Feedstock Fuels\Oil,Feedstock Fuel Share,Updated Utility Protection,Interp,U.S. Dollar,100,100,100,100,100,100,100,100,100,100,100,100,100,100,100,100,100,100,100,100,100,100,100,100,100,100,100,100,100,100,100,100,100,
Transformation\Electricity Generation\Processes\Eskom IPP Non Renewable\Feedstock Fuels\Oil,Fuel Cost,Updated BAU GHS,Interp,U.S. Dollar,0,0,0,0,0,0,0,0,0,0,0,0,0,0,0,0,0,0,0,0,0,0,0,0,0,0,0,0,0,0,0,0,0,
Transformation\Electricity Generation\Processes\Eskom IPP Non Renewable\Feedstock Fuels\Oil,Fuel Cost,Updated LMI GHS,Interp,U.S. Dollar,0,0,0,0,0,0,0,0,0,0,0,0,0,0,0,0,0,0,0,0,0,0,0,0,0,0,0,0,0,0,0,0,0,
Transformation\Electricity Generation\Processes\Eskom IPP Non Renewable\Feedstock Fuels\Oil,Fuel Cost,Updated Pro Solar,Interp,U.S. Dollar,0,0,0,0,0,0,0,0,0,0,0,0,0,0,0,0,0,0,0,0,0,0,0,0,0,0,0,0,0,0,0,0,0,
Transformation\Electricity Generation\Processes\Eskom IPP Non Renewable\Feedstock Fuels\Oil,Fuel Cost,Updated Utility Protection,Interp,U.S. Dollar,0,0,0,0,0,0,0,0,0,0,0,0,0,0,0,0,0,0,0,0,0,0,0,0,0,0,0,0,0,0,0,0,0,
Transformation\Electricity Generation\Processes\Eskom IPP OCGT,Capacity Credit,Updated BAU GHS,Interp,Percent,100,100,100,100,100,100,100,100,100,100,100,100,100,100,100,100,100,100,100,100,100,100,100,100,100,100,100,100,100,100,100,100,100,
Transformation\Electricity Generation\Processes\Eskom IPP OCGT,Capacity Credit,Updated LMI GHS,Interp,Percent,100,100,100,100,100,100,100,100,100,100,100,100,100,100,100,100,100,100,100,100,100,100,100,100,100,100,100,100,100,100,100,100,100,
Transformation\Electricity Generation\Processes\Eskom IPP OCGT,Capacity Credit,Updated Pro Solar,Interp,Percent,100,100,100,100,100,100,100,100,100,100,100,100,100,100,100,100,100,100,100,100,100,100,100,100,100,100,100,100,100,100,100,100,100,
Transformation\Electricity Generation\Processes\Eskom IPP OCGT,Capacity Credit,Updated Utility Protection,Interp,Percent,100,100,100,100,100,100,100,100,100,100,100,100,100,100,100,100,100,100,100,100,100,100,100,100,100,100,100,100,100,100,100,100,100,
Transformation\Electricity Generation\Processes\Eskom IPP OCGT,Capital Cost,Updated BAU GHS,Interp,U.S. Dollar,0,0,0,0,0,0,0,0,0,0,0,0,0,0,0,0,0,0,0,0,0,0,0,0,0,0,0,0,0,0,0,0,0,
Transformation\Electricity Generation\Processes\Eskom IPP OCGT,Capital Cost,Updated LMI GHS,Interp,U.S. Dollar,0,0,0,0,0,0,0,0,0,0,0,0,0,0,0,0,0,0,0,0,0,0,0,0,0,0,0,0,0,0,0,0,0,
Transformation\Electricity Generation\Processes\Eskom IPP OCGT,Capital Cost,Updated Pro Solar,Interp,U.S. Dollar,0,0,0,0,0,0,0,0,0,0,0,0,0,0,0,0,0,0,0,0,0,0,0,0,0,0,0,0,0,0,0,0,0,
Transformation\Electricity Generation\Processes\Eskom IPP OCGT,Capital Cost,Updated Utility Protection,Interp,U.S. Dollar,0,0,0,0,0,0,0,0,0,0,0,0,0,0,0,0,0,0,0,0,0,0,0,0,0,0,0,0,0,0,0,0,0,
Transformation\Electricity Generation\Processes\Eskom IPP OCGT,Dispatch Rule,Updated BAU GHS,Interp,None,4,4,4,4,4,4,4,4,4,4,4,4,4,4,4,4,4,4,4,4,4,4,4,4,4,4,4,4,4,4,4,4,4,
Transformation\Electricity Generation\Processes\Eskom IPP OCGT,Dispatch Rule,Updated LMI GHS,Interp,None,4,4,4,4,4,4,4,4,4,4,4,4,4,4,4,4,4,4,4,4,4,4,4,4,4,4,4,4,4,4,4,4,4,
Transformation\Electricity Generation\Processes\Eskom IPP OCGT,Dispatch Rule,Updated Pro Solar,Interp,None,4,4,4,4,4,4,4,4,4,4,4,4,4,4,4,4,4,4,4,4,4,4,4,4,4,4,4,4,4,4,4,4,4,
Transformation\Electricity Generation\Processes\Eskom IPP OCGT,Dispatch Rule,Updated Utility Protection,Interp,None,4,4,4,4,4,4,4,4,4,4,4,4,4,4,4,4,4,4,4,4,4,4,4,4,4,4,4,4,4,4,4,4,4,
Transformation\Electricity Generation\Processes\Eskom IPP OCGT,Endogenous Capacity,Updated BAU GHS,Interp,Megawatt,0,0,0,0,0,0,0,0,0,0,0,0,0,0,0,0,0,0,0,0,0,0,0,0,0,0,0,0,0,0,0,0,0,
Transformation\Electricity Generation\Processes\Eskom IPP OCGT,Endogenous Capacity,Updated LMI GHS,Interp,Megawatt,0,0,0,0,0,0,0,0,0,0,0,0,0,0,0,0,0,0,0,0,0,0,0,0,0,0,0,0,0,0,0,0,0,
Transformation\Electricity Generation\Processes\Eskom IPP OCGT,Endogenous Capacity,Updated Pro Solar,Interp,Megawatt,0,0,0,0,0,0,0,0,0,0,0,0,0,0,0,0,0,0,0,0,0,0,0,0,0,0,0,0,0,0,0,0,0,
Transformation\Electricity Generation\Processes\Eskom IPP OCGT,Endogenous Capacity,Updated Utility Protection,Interp,Megawatt,0,0,0,0,0,0,0,0,0,0,0,0,0,0,0,0,0,0,0,0,0,0,0,0,0,0,0,0,0,0,0,0,0,
Transformation\Electricity Generation\Processes\Eskom IPP OCGT,Exogenous Capacity,Updated BAU GHS,Interp,Megawatt,35.12,36.43,34.25,32.87,31.67,33.65,31.91,31.91,31.91,31.91,31.91,31.91,31.91,31.91,31.91,31.91,31.91,31.91,31.91,31.91,31.91,31.91,31.91,31.91,31.91,31.91,31.91,31.91,31.91,31.91,31.91,31.91,31.91,
Transformation\Electricity Generation\Processes\Eskom IPP OCGT,Exogenous Capacity,Updated LMI GHS,Interp,Megawatt,35.12,36.43,34.25,32.87,31.67,33.65,31.91,31.91,31.91,31.91,31.91,31.91,31.91,31.91,31.91,31.91,31.91,31.91,31.91,31.91,31.91,31.91,31.91,31.91,31.91,31.91,31.91,31.91,31.91,31.91,31.91,31.91,31.91,
Transformation\Electricity Generation\Processes\Eskom IPP OCGT,Exogenous Capacity,Updated Pro Solar,Interp,Megawatt,35.12,36.43,34.25,32.87,31.67,33.65,31.91,31.91,31.91,31.91,31.91,31.91,31.91,31.91,31.91,31.91,31.91,31.91,31.91,31.91,31.91,31.91,31.91,31.91,31.91,31.91,31.91,31.91,31.91,31.91,31.91,31.91,31.91,
Transformation\Electricity Generation\Processes\Eskom IPP OCGT,Exogenous Capacity,Updated Utility Protection,Interp,Megawatt,35.12,36.43,34.25,32.87,31.67,33.65,31.91,31.91,31.91,31.91,31.91,31.91,31.91,31.91,31.91,31.91,31.91,31.91,31.91,31.91,31.91,31.91,31.91,31.91,31.91,31.91,31.91,31.91,31.91,31.91,31.91,31.91,31.91,
Transformation\Electricity Generation\Processes\Eskom IPP OCGT,First Simulation Year,Updated BAU GHS,Interp,Years,2024,2024,2024,2024,2024,2024,2024,2024,2024,2024,2024,2024,2024,2024,2024,2024,2024,2024,2024,2024,2024,2024,2024,2024,2024,2024,2024,2024,2024,2024,2024,2024,2024,
Transformation\Electricity Generation\Processes\Eskom IPP OCGT,First Simulation Year,Updated LMI GHS,Interp,Years,2024,2024,2024,2024,2024,2024,2024,2024,2024,2024,2024,2024,2024,2024,2024,2024,2024,2024,2024,2024,2024,2024,2024,2024,2024,2024,2024,2024,2024,2024,2024,2024,2024,
Transformation\Electricity Generation\Processes\Eskom IPP OCGT,First Simulation Year,Updated Pro Solar,Interp,Years,2024,2024,2024,2024,2024,2024,2024,2024,2024,2024,2024,2024,2024,2024,2024,2024,2024,2024,2024,2024,2024,2024,2024,2024,2024,2024,2024,2024,2024,2024,2024,2024,2024,
Transformation\Electricity Generation\Processes\Eskom IPP OCGT,First Simulation Year,Updated Utility Protection,Interp,Years,2024,2024,2024,2024,2024,2024,2024,2024,2024,2024,2024,2024,2024,2024,2024,2024,2024,2024,2024,2024,2024,2024,2024,2024,2024,2024,2024,2024,2024,2024,2024,2024,2024,
Transformation\Electricity Generation\Processes\Eskom IPP OCGT,Fixed OM Cost,Updated BAU GHS,Interp,South African Rand,0,0,0,0,0,0,0,0,0,0,0,0,0,0,0,0,0,0,0,0,0,0,0,0,0,0,0,0,0,0,0,0,0,
Transformation\Electricity Generation\Processes\Eskom IPP OCGT,Fixed OM Cost,Updated LMI GHS,Interp,South African Rand,0,0,0,0,0,0,0,0,0,0,0,0,0,0,0,0,0,0,0,0,0,0,0,0,0,0,0,0,0,0,0,0,0,
Transformation\Electricity Generation\Processes\Eskom IPP OCGT,Fixed OM Cost,Updated Pro Solar,Interp,South African Rand,0,0,0,0,0,0,0,0,0,0,0,0,0,0,0,0,0,0,0,0,0,0,0,0,0,0,0,0,0,0,0,0,0,
Transformation\Electricity Generation\Processes\Eskom IPP OCGT,Fixed OM Cost,Updated Utility Protection,Interp,South African Rand,0,0,0,0,0,0,0,0,0,0,0,0,0,0,0,0,0,0,0,0,0,0,0,0,0,0,0,0,0,0,0,0,0,
Transformation\Electricity Generation\Processes\Eskom IPP OCGT,Historical Production,Updated BAU GHS,Interp,Kilowatt-Hour,4299778.51,21562462.02,28126011.26,29779495.9,36095485.07,43340456.41,43340456.41,43340456.41,43340456.41,43340456.41,43340456.41,43340456.41,43340456.41,43340456.41,43340456.41,43340456.41,43340456.41,43340456.41,43340456.41,43340456.41,43340456.41,43340456.41,43340456.41,43340456.41,43340456.41,43340456.41,43340456.41,43340456.41,43340456.41,43340456.41,43340456.41,43340456.41,43340456.41,
Transformation\Electricity Generation\Processes\Eskom IPP OCGT,Historical Production,Updated LMI GHS,Interp,Kilowatt-Hour,4299778.51,21562462.02,28126011.26,29779495.9,36095485.07,43340456.41,43340456.41,43340456.41,43340456.41,43340456.41,43340456.41,43340456.41,43340456.41,43340456.41,43340456.41,43340456.41,43340456.41,43340456.41,43340456.41,43340456.41,43340456.41,43340456.41,43340456.41,43340456.41,43340456.41,43340456.41,43340456.41,43340456.41,43340456.41,43340456.41,43340456.41,43340456.41,43340456.41,
Transformation\Electricity Generation\Processes\Eskom IPP OCGT,Historical Production,Updated Pro Solar,Interp,Kilowatt-Hour,4299778.51,21562462.02,28126011.26,29779495.9,36095485.07,43340456.41,43340456.41,43340456.41,43340456.41,43340456.41,43340456.41,43340456.41,43340456.41,43340456.41,43340456.41,43340456.41,43340456.41,43340456.41,43340456.41,43340456.41,43340456.41,43340456.41,43340456.41,43340456.41,43340456.41,43340456.41,43340456.41,43340456.41,43340456.41,43340456.41,43340456.41,43340456.41,43340456.41,
Transformation\Electricity Generation\Processes\Eskom IPP OCGT,Historical Production,Updated Utility Protection,Interp,Kilowatt-Hour,4299778.51,21562462.02,28126011.26,29779495.9,36095485.07,43340456.41,43340456.41,43340456.41,43340456.41,43340456.41,43340456.41,43340456.41,43340456.41,43340456.41,43340456.41,43340456.41,43340456.41,43340456.41,43340456.41,43340456.41,43340456.41,43340456.41,43340456.41,43340456.41,43340456.41,43340456.41,43340456.41,43340456.41,43340456.41,43340456.41,43340456.41,43340456.41,43340456.41,
Transformation\Electricity Generation\Processes\Eskom IPP OCGT,Interest Rate,Updated BAU GHS,Interp,Percent,5,5,5,5,5,5,5,5,5,5,5,5,5,5,5,5,5,5,5,5,5,5,5,5,5,5,5,5,5,5,5,5,5,
Transformation\Electricity Generation\Processes\Eskom IPP OCGT,Interest Rate,Updated LMI GHS,Interp,Percent,5,5,5,5,5,5,5,5,5,5,5,5,5,5,5,5,5,5,5,5,5,5,5,5,5,5,5,5,5,5,5,5,5,
Transformation\Electricity Generation\Processes\Eskom IPP OCGT,Interest Rate,Updated Pro Solar,Interp,Percent,5,5,5,5,5,5,5,5,5,5,5,5,5,5,5,5,5,5,5,5,5,5,5,5,5,5,5,5,5,5,5,5,5,
Transformation\Electricity Generation\Processes\Eskom IPP OCGT,Interest Rate,Updated Utility Protection,Interp,Percent,5,5,5,5,5,5,5,5,5,5,5,5,5,5,5,5,5,5,5,5,5,5,5,5,5,5,5,5,5,5,5,5,5,
Transformation\Electricity Generation\Processes\Eskom IPP OCGT,Lifetime,Updated BAU GHS,Interp,Years,30,30,30,30,30,30,30,30,30,30,30,30,30,30,30,30,30,30,30,30,30,30,30,30,30,30,30,30,30,30,30,30,30,
Transformation\Electricity Generation\Processes\Eskom IPP OCGT,Lifetime,Updated LMI GHS,Interp,Years,30,30,30,30,30,30,30,30,30,30,30,30,30,30,30,30,30,30,30,30,30,30,30,30,30,30,30,30,30,30,30,30,30,
Transformation\Electricity Generation\Processes\Eskom IPP OCGT,Lifetime,Updated Pro Solar,Interp,Years,30,30,30,30,30,30,30,30,30,30,30,30,30,30,30,30,30,30,30,30,30,30,30,30,30,30,30,30,30,30,30,30,30,
Transformation\Electricity Generation\Processes\Eskom IPP OCGT,Lifetime,Updated Utility Protection,Interp,Years,30,30,30,30,30,30,30,30,30,30,30,30,30,30,30,30,30,30,30,30,30,30,30,30,30,30,30,30,30,30,30,30,30,
Transformation\Electricity Generation\Processes\Eskom IPP OCGT,Maximum Availability,Updated BAU GHS,Interp,Percent,1.19,5.93,8.08,8,10.21,12.47,12.47,12.47,12.47,12.47,12.47,12.47,12.47,12.47,12.47,12.47,12.47,12.47,12.47,12.47,12.47,12.47,12.47,12.47,12.47,12.47,12.47,12.47,12.47,12.47,12.47,12.47,12.47,
Transformation\Electricity Generation\Processes\Eskom IPP OCGT,Maximum Availability,Updated LMI GHS,Interp,Percent,1.19,5.93,8.08,8,10.21,12.47,12.47,12.47,12.47,12.47,12.47,12.47,12.47,12.47,12.47,12.47,12.47,12.47,12.47,12.47,12.47,12.47,12.47,12.47,12.47,12.47,12.47,12.47,12.47,12.47,12.47,12.47,12.47,
Transformation\Electricity Generation\Processes\Eskom IPP OCGT,Maximum Availability,Updated Pro Solar,Interp,Percent,1.19,5.93,8.08,8,10.21,12.47,12.47,12.47,12.47,12.47,12.47,12.47,12.47,12.47,12.47,12.47,12.47,12.47,12.47,12.47,12.47,12.47,12.47,12.47,12.47,12.47,12.47,12.47,12.47,12.47,12.47,12.47,12.47,
Transformation\Electricity Generation\Processes\Eskom IPP OCGT,Maximum Availability,Updated Utility Protection,Interp,Percent,1.19,5.93,8.08,8,10.21,12.47,12.47,12.47,12.47,12.47,12.47,12.47,12.47,12.47,12.47,12.47,12.47,12.47,12.47,12.47,12.47,12.47,12.47,12.47,12.47,12.47,12.47,12.47,12.47,12.47,12.47,12.47,12.47,
Transformation\Electricity Generation\Processes\Eskom IPP OCGT,Merit Order,Updated BAU GHS,Interp,Merit Order,1,1,1,1,1,1,1,1,1,1,1,1,1,1,1,1,1,1,1,1,1,1,1,1,1,1,1,1,1,1,1,1,1,
Transformation\Electricity Generation\Processes\Eskom IPP OCGT,Merit Order,Updated LMI GHS,Interp,Merit Order,1,1,1,1,1,1,1,1,1,1,1,1,1,1,1,1,1,1,1,1,1,1,1,1,1,1,1,1,1,1,1,1,1,
Transformation\Electricity Generation\Processes\Eskom IPP OCGT,Merit Order,Updated Pro Solar,Interp,Merit Order,1,1,1,1,1,1,1,1,1,1,1,1,1,1,1,1,1,1,1,1,1,1,1,1,1,1,1,1,1,1,1,1,1,
Transformation\Electricity Generation\Processes\Eskom IPP OCGT,Merit Order,Updated Utility Protection,Interp,Merit Order,1,1,1,1,1,1,1,1,1,1,1,1,1,1,1,1,1,1,1,1,1,1,1,1,1,1,1,1,1,1,1,1,1,
Transformation\Electricity Generation\Processes\Eskom IPP OCGT,Minimum Utilization,Updated BAU GHS,Interp,Percent,0,0,0,0,0,0,0,0,0,0,0,0,0,0,0,0,0,0,0,0,0,0,0,0,0,0,0,0,0,0,0,0,0,
Transformation\Electricity Generation\Processes\Eskom IPP OCGT,Minimum Utilization,Updated LMI GHS,Interp,Percent,0,0,0,0,0,0,0,0,0,0,0,0,0,0,0,0,0,0,0,0,0,0,0,0,0,0,0,0,0,0,0,0,0,
Transformation\Electricity Generation\Processes\Eskom IPP OCGT,Minimum Utilization,Updated Pro Solar,Interp,Percent,0,0,0,0,0,0,0,0,0,0,0,0,0,0,0,0,0,0,0,0,0,0,0,0,0,0,0,0,0,0,0,0,0,
Transformation\Electricity Generation\Processes\Eskom IPP OCGT,Minimum Utilization,Updated Utility Protection,Interp,Percent,0,0,0,0,0,0,0,0,0,0,0,0,0,0,0,0,0,0,0,0,0,0,0,0,0,0,0,0,0,0,0,0,0,
Transformation\Electricity Generation\Processes\Eskom IPP OCGT,Process Efficiency,Updated BAU GHS,Interp,Percent,100,100,100,100,100,100,100,100,100,100,100,100,100,100,100,100,100,100,100,100,100,100,100,100,100,100,100,100,100,100,100,100,100,
Transformation\Electricity Generation\Processes\Eskom IPP OCGT,Process Efficiency,Updated LMI GHS,Interp,Percent,100,100,100,100,100,100,100,100,100,100,100,100,100,100,100,100,100,100,100,100,100,100,100,100,100,100,100,100,100,100,100,100,100,
Transformation\Electricity Generation\Processes\Eskom IPP OCGT,Process Efficiency,Updated Pro Solar,Interp,Percent,100,100,100,100,100,100,100,100,100,100,100,100,100,100,100,100,100,100,100,100,100,100,100,100,100,100,100,100,100,100,100,100,100,
Transformation\Electricity Generation\Processes\Eskom IPP OCGT,Process Efficiency,Updated Utility Protection,Interp,Percent,100,100,100,100,100,100,100,100,100,100,100,100,100,100,100,100,100,100,100,100,100,100,100,100,100,100,100,100,100,100,100,100,100,
Transformation\Electricity Generation\Processes\Eskom IPP OCGT,Salvage Value,Updated BAU GHS,Interp,U.S. Dollar,0,0,0,0,0,0,0,0,0,0,0,0,0,0,0,0,0,0,0,0,0,0,0,0,0,0,0,0,0,0,0,0,0,
Transformation\Electricity Generation\Processes\Eskom IPP OCGT,Salvage Value,Updated LMI GHS,Interp,U.S. Dollar,0,0,0,0,0,0,0,0,0,0,0,0,0,0,0,0,0,0,0,0,0,0,0,0,0,0,0,0,0,0,0,0,0,
Transformation\Electricity Generation\Processes\Eskom IPP OCGT,Salvage Value,Updated Pro Solar,Interp,U.S. Dollar,0,0,0,0,0,0,0,0,0,0,0,0,0,0,0,0,0,0,0,0,0,0,0,0,0,0,0,0,0,0,0,0,0,
Transformation\Electricity Generation\Processes\Eskom IPP OCGT,Salvage Value,Updated Utility Protection,Interp,U.S. Dollar,0,0,0,0,0,0,0,0,0,0,0,0,0,0,0,0,0,0,0,0,0,0,0,0,0,0,0,0,0,0,0,0,0,
Transformation\Electricity Generation\Processes\Eskom IPP OCGT,Stranded Cost,Updated BAU GHS,Interp,U.S. Dollar,0,0,0,0,0,0,0,0,0,0,0,0,0,0,0,0,0,0,0,0,0,0,0,0,0,0,0,0,0,0,0,0,0,
Transformation\Electricity Generation\Processes\Eskom IPP OCGT,Stranded Cost,Updated LMI GHS,Interp,U.S. Dollar,0,0,0,0,0,0,0,0,0,0,0,0,0,0,0,0,0,0,0,0,0,0,0,0,0,0,0,0,0,0,0,0,0,
Transformation\Electricity Generation\Processes\Eskom IPP OCGT,Stranded Cost,Updated Pro Solar,Interp,U.S. Dollar,0,0,0,0,0,0,0,0,0,0,0,0,0,0,0,0,0,0,0,0,0,0,0,0,0,0,0,0,0,0,0,0,0,
Transformation\Electricity Generation\Processes\Eskom IPP OCGT,Stranded Cost,Updated Utility Protection,Interp,U.S. Dollar,0,0,0,0,0,0,0,0,0,0,0,0,0,0,0,0,0,0,0,0,0,0,0,0,0,0,0,0,0,0,0,0,0,
Transformation\Electricity Generation\Processes\Eskom IPP OCGT,Variable OM Cost,Updated BAU GHS,Interp,South African Rand,1355,1355,1355,1355,1355,1355,1355,1355,1355,1355,1355,1355,1355,1355,1355,1355,1355,1355,1355,1355,1355,1355,1355,1355,1355,1355,1355,1355,1355,1355,1355,1355,1355,
Transformation\Electricity Generation\Processes\Eskom IPP OCGT,Variable OM Cost,Updated LMI GHS,Interp,South African Rand,1355,1355,1355,1355,1355,1355,1355,1355,1355,1355,1355,1355,1355,1355,1355,1355,1355,1355,1355,1355,1355,1355,1355,1355,1355,1355,1355,1355,1355,1355,1355,1355,1355,
Transformation\Electricity Generation\Processes\Eskom IPP OCGT,Variable OM Cost,Updated Pro Solar,Interp,South African Rand,1355,1355,1355,1355,1355,1355,1355,1355,1355,1355,1355,1355,1355,1355,1355,1355,1355,1355,1355,1355,1355,1355,1355,1355,1355,1355,1355,1355,1355,1355,1355,1355,1355,
Transformation\Electricity Generation\Processes\Eskom IPP OCGT,Variable OM Cost,Updated Utility Protection,Interp,South African Rand,1355,1355,1355,1355,1355,1355,1355,1355,1355,1355,1355,1355,1355,1355,1355,1355,1355,1355,1355,1355,1355,1355,1355,1355,1355,1355,1355,1355,1355,1355,1355,1355,1355,
Transformation\Electricity Generation\Processes\Eskom IPP OCGT\Feedstock Fuels\Diesel,Feedstock Fuel Share,Updated BAU GHS,Interp,U.S. Dollar,100,100,100,100,100,100,100,100,100,100,100,100,100,100,100,100,100,100,100,100,100,100,100,100,100,100,100,100,100,100,100,100,100,
Transformation\Electricity Generation\Processes\Eskom IPP OCGT\Feedstock Fuels\Diesel,Feedstock Fuel Share,Updated LMI GHS,Interp,U.S. Dollar,100,100,100,100,100,100,100,100,100,100,100,100,100,100,100,100,100,100,100,100,100,100,100,100,100,100,100,100,100,100,100,100,100,
Transformation\Electricity Generation\Processes\Eskom IPP OCGT\Feedstock Fuels\Diesel,Feedstock Fuel Share,Updated Pro Solar,Interp,U.S. Dollar,100,100,100,100,100,100,100,100,100,100,100,100,100,100,100,100,100,100,100,100,100,100,100,100,100,100,100,100,100,100,100,100,100,
Transformation\Electricity Generation\Processes\Eskom IPP OCGT\Feedstock Fuels\Diesel,Feedstock Fuel Share,Updated Utility Protection,Interp,U.S. Dollar,100,100,100,100,100,100,100,100,100,100,100,100,100,100,100,100,100,100,100,100,100,100,100,100,100,100,100,100,100,100,100,100,100,
Transformation\Electricity Generation\Processes\Eskom IPP OCGT\Feedstock Fuels\Diesel,Fuel Cost,Updated BAU GHS,Interp,U.S. Dollar,0,0,0,0,0,0,0,0,0,0,0,0,0,0,0,0,0,0,0,0,0,0,0,0,0,0,0,0,0,0,0,0,0,
Transformation\Electricity Generation\Processes\Eskom IPP OCGT\Feedstock Fuels\Diesel,Fuel Cost,Updated LMI GHS,Interp,U.S. Dollar,0,0,0,0,0,0,0,0,0,0,0,0,0,0,0,0,0,0,0,0,0,0,0,0,0,0,0,0,0,0,0,0,0,
Transformation\Electricity Generation\Processes\Eskom IPP OCGT\Feedstock Fuels\Diesel,Fuel Cost,Updated Pro Solar,Interp,U.S. Dollar,0,0,0,0,0,0,0,0,0,0,0,0,0,0,0,0,0,0,0,0,0,0,0,0,0,0,0,0,0,0,0,0,0,
Transformation\Electricity Generation\Processes\Eskom IPP OCGT\Feedstock Fuels\Diesel,Fuel Cost,Updated Utility Protection,Interp,U.S. Dollar,0,0,0,0,0,0,0,0,0,0,0,0,0,0,0,0,0,0,0,0,0,0,0,0,0,0,0,0,0,0,0,0,0,
Transformation\Electricity Generation\Processes\Eskom IPP Renewables,Capacity Credit,Updated BAU GHS,Interp,Percent,100,100,100,100,100,100,100,100,100,100,100,100,100,100,100,100,100,100,100,100,100,100,100,100,100,100,100,100,100,100,100,100,100,
Transformation\Electricity Generation\Processes\Eskom IPP Renewables,Capacity Credit,Updated LMI GHS,Interp,Percent,100,100,100,100,100,100,100,100,100,100,100,100,100,100,100,100,100,100,100,100,100,100,100,100,100,100,100,100,100,100,100,100,100,
Transformation\Electricity Generation\Processes\Eskom IPP Renewables,Capacity Credit,Updated Pro Solar,Interp,Percent,100,100,100,100,100,100,100,100,100,100,100,100,100,100,100,100,100,100,100,100,100,100,100,100,100,100,100,100,100,100,100,100,100,
Transformation\Electricity Generation\Processes\Eskom IPP Renewables,Capacity Credit,Updated Utility Protection,Interp,Percent,100,100,100,100,100,100,100,100,100,100,100,100,100,100,100,100,100,100,100,100,100,100,100,100,100,100,100,100,100,100,100,100,100,
Transformation\Electricity Generation\Processes\Eskom IPP Renewables,Capital Cost,Updated BAU GHS,Interp,U.S. Dollar,0,0,0,0,0,0,0,0,0,0,0,0,0,0,0,0,0,0,0,0,0,0,0,0,0,0,0,0,0,0,0,0,0,
Transformation\Electricity Generation\Processes\Eskom IPP Renewables,Capital Cost,Updated LMI GHS,Interp,U.S. Dollar,0,0,0,0,0,0,0,0,0,0,0,0,0,0,0,0,0,0,0,0,0,0,0,0,0,0,0,0,0,0,0,0,0,
Transformation\Electricity Generation\Processes\Eskom IPP Renewables,Capital Cost,Updated Pro Solar,Interp,U.S. Dollar,0,0,0,0,0,0,0,0,0,0,0,0,0,0,0,0,0,0,0,0,0,0,0,0,0,0,0,0,0,0,0,0,0,
Transformation\Electricity Generation\Processes\Eskom IPP Renewables,Capital Cost,Updated Utility Protection,Interp,U.S. Dollar,0,0,0,0,0,0,0,0,0,0,0,0,0,0,0,0,0,0,0,0,0,0,0,0,0,0,0,0,0,0,0,0,0,
Transformation\Electricity Generation\Processes\Eskom IPP Renewables,Dispatch Rule,Updated BAU GHS,Interp,None,4,4,4,4,4,4,4,4,4,4,4,4,4,4,4,4,4,4,4,4,4,4,4,4,4,4,4,4,4,4,4,4,4,
Transformation\Electricity Generation\Processes\Eskom IPP Renewables,Dispatch Rule,Updated LMI GHS,Interp,None,4,4,4,4,4,4,4,4,4,4,4,4,4,4,4,4,4,4,4,4,4,4,4,4,4,4,4,4,4,4,4,4,4,
Transformation\Electricity Generation\Processes\Eskom IPP Renewables,Dispatch Rule,Updated Pro Solar,Interp,None,4,4,4,4,4,4,4,4,4,4,4,4,4,4,4,4,4,4,4,4,4,4,4,4,4,4,4,4,4,4,4,4,4,
Transformation\Electricity Generation\Processes\Eskom IPP Renewables,Dispatch Rule,Updated Utility Protection,Interp,None,4,4,4,4,4,4,4,4,4,4,4,4,4,4,4,4,4,4,4,4,4,4,4,4,4,4,4,4,4,4,4,4,4,
Transformation\Electricity Generation\Processes\Eskom IPP Renewables,Endogenous Capacity,Updated BAU GHS,Interp,Megawatt,0,0,0,0,0,0,0,0,0,0,0,0,0,0,0,0,0,0,0,0,0,0,0,0,0,0,0,0,0,0,0,0,0,
Transformation\Electricity Generation\Processes\Eskom IPP Renewables,Endogenous Capacity,Updated LMI GHS,Interp,Megawatt,0,0,0,0,0,0,0,0,0,0,0,0,0,0,0,0,0,0,0,0,0,0,0,0,0,0,0,0,0,0,0,0,0,
Transformation\Electricity Generation\Processes\Eskom IPP Renewables,Endogenous Capacity,Updated Pro Solar,Interp,Megawatt,0,0,0,0,0,0,0,0,0,0,0,0,0,0,0,0,0,0,0,0,0,0,0,0,0,0,0,0,0,0,0,0,0,
Transformation\Electricity Generation\Processes\Eskom IPP Renewables,Endogenous Capacity,Updated Utility Protection,Interp,Megawatt,0,0,0,0,0,0,0,0,0,0,0,0,0,0,0,0,0,0,0,0,0,0,0,0,0,0,0,0,0,0,0,0,0,
Transformation\Electricity Generation\Processes\Eskom IPP Renewables,Exogenous Capacity,Updated BAU GHS,Interp,Megawatt,0.77,0.8,0.75,0.85,1.61,1.71,1.62,1.62,1.62,1.62,1.62,1.62,1.62,1.62,1.62,1.62,1.62,1.62,1.62,1.62,1.62,1.62,1.62,1.62,1.62,1.62,1.62,1.62,1.62,1.62,1.62,1.62,1.62,
Transformation\Electricity Generation\Processes\Eskom IPP Renewables,Exogenous Capacity,Updated LMI GHS,Interp,Megawatt,0.77,0.8,0.75,0.85,1.61,1.71,1.62,1.62,1.62,1.62,1.62,1.62,1.62,1.62,1.62,1.62,1.62,1.62,1.62,1.62,1.62,1.62,1.62,1.62,1.62,1.62,1.62,1.62,1.62,1.62,1.62,1.62,1.62,
Transformation\Electricity Generation\Processes\Eskom IPP Renewables,Exogenous Capacity,Updated Pro Solar,Interp,Megawatt,0.77,0.8,0.75,0.85,1.61,1.71,1.62,1.62,1.62,1.62,1.62,1.62,1.62,1.62,1.62,1.62,1.62,1.62,1.62,1.62,1.62,1.62,1.62,1.62,1.62,1.62,1.62,1.62,1.62,1.62,1.62,1.62,1.62,
Transformation\Electricity Generation\Processes\Eskom IPP Renewables,Exogenous Capacity,Updated Utility Protection,Interp,Megawatt,0.77,0.8,0.75,0.85,1.61,1.71,1.62,1.62,1.62,1.62,1.62,1.62,1.62,1.62,1.62,1.62,1.62,1.62,1.62,1.62,1.62,1.62,1.62,1.62,1.62,1.62,1.62,1.62,1.62,1.62,1.62,1.62,1.62,
Transformation\Electricity Generation\Processes\Eskom IPP Renewables,First Simulation Year,Updated BAU GHS,Interp,Years,2024,2024,2024,2024,2024,2024,2024,2024,2024,2024,2024,2024,2024,2024,2024,2024,2024,2024,2024,2024,2024,2024,2024,2024,2024,2024,2024,2024,2024,2024,2024,2024,2024,
Transformation\Electricity Generation\Processes\Eskom IPP Renewables,First Simulation Year,Updated LMI GHS,Interp,Years,2024,2024,2024,2024,2024,2024,2024,2024,2024,2024,2024,2024,2024,2024,2024,2024,2024,2024,2024,2024,2024,2024,2024,2024,2024,2024,2024,2024,2024,2024,2024,2024,2024,
Transformation\Electricity Generation\Processes\Eskom IPP Renewables,First Simulation Year,Updated Pro Solar,Interp,Years,2024,2024,2024,2024,2024,2024,2024,2024,2024,2024,2024,2024,2024,2024,2024,2024,2024,2024,2024,2024,2024,2024,2024,2024,2024,2024,2024,2024,2024,2024,2024,2024,2024,
Transformation\Electricity Generation\Processes\Eskom IPP Renewables,First Simulation Year,Updated Utility Protection,Interp,Years,2024,2024,2024,2024,2024,2024,2024,2024,2024,2024,2024,2024,2024,2024,2024,2024,2024,2024,2024,2024,2024,2024,2024,2024,2024,2024,2024,2024,2024,2024,2024,2024,2024,
Transformation\Electricity Generation\Processes\Eskom IPP Renewables,Fixed OM Cost,Updated BAU GHS,Interp,South African Rand,0,0,0,0,0,0,0,0,0,0,0,0,0,0,0,0,0,0,0,0,0,0,0,0,0,0,0,0,0,0,0,0,0,
Transformation\Electricity Generation\Processes\Eskom IPP Renewables,Fixed OM Cost,Updated LMI GHS,Interp,South African Rand,0,0,0,0,0,0,0,0,0,0,0,0,0,0,0,0,0,0,0,0,0,0,0,0,0,0,0,0,0,0,0,0,0,
Transformation\Electricity Generation\Processes\Eskom IPP Renewables,Fixed OM Cost,Updated Pro Solar,Interp,South African Rand,0,0,0,0,0,0,0,0,0,0,0,0,0,0,0,0,0,0,0,0,0,0,0,0,0,0,0,0,0,0,0,0,0,
Transformation\Electricity Generation\Processes\Eskom IPP Renewables,Fixed OM Cost,Updated Utility Protection,Interp,South African Rand,0,0,0,0,0,0,0,0,0,0,0,0,0,0,0,0,0,0,0,0,0,0,0,0,0,0,0,0,0,0,0,0,0,
Transformation\Electricity Generation\Processes\Eskom IPP Renewables,Historical Production,Updated BAU GHS,Interp,Kilowatt-Hour,7339733.96,7403743.72,7090258.65,8960224.33,16682618.52,14288930.07,14288930.07,14288930.07,14288930.07,14288930.07,14288930.07,14288930.07,14288930.07,14288930.07,14288930.07,14288930.07,14288930.07,14288930.07,14288930.07,14288930.07,14288930.07,14288930.07,14288930.07,14288930.07,14288930.07,14288930.07,14288930.07,14288930.07,14288930.07,14288930.07,14288930.07,14288930.07,14288930.07,
Transformation\Electricity Generation\Processes\Eskom IPP Renewables,Historical Production,Updated LMI GHS,Interp,Kilowatt-Hour,7339733.96,7403743.72,7090258.65,8960224.33,16682618.52,14288930.07,14288930.07,14288930.07,14288930.07,14288930.07,14288930.07,14288930.07,14288930.07,14288930.07,14288930.07,14288930.07,14288930.07,14288930.07,14288930.07,14288930.07,14288930.07,14288930.07,14288930.07,14288930.07,14288930.07,14288930.07,14288930.07,14288930.07,14288930.07,14288930.07,14288930.07,14288930.07,14288930.07,
Transformation\Electricity Generation\Processes\Eskom IPP Renewables,Historical Production,Updated Pro Solar,Interp,Kilowatt-Hour,7339733.96,7403743.72,7090258.65,8960224.33,16682618.52,14288930.07,14288930.07,14288930.07,14288930.07,14288930.07,14288930.07,14288930.07,14288930.07,14288930.07,14288930.07,14288930.07,14288930.07,14288930.07,14288930.07,14288930.07,14288930.07,14288930.07,14288930.07,14288930.07,14288930.07,14288930.07,14288930.07,14288930.07,14288930.07,14288930.07,14288930.07,14288930.07,14288930.07,
Transformation\Electricity Generation\Processes\Eskom IPP Renewables,Historical Production,Updated Utility Protection,Interp,Kilowatt-Hour,7339733.96,7403743.72,7090258.65,8960224.33,16682618.52,14288930.07,14288930.07,14288930.07,14288930.07,14288930.07,14288930.07,14288930.07,14288930.07,14288930.07,14288930.07,14288930.07,14288930.07,14288930.07,14288930.07,14288930.07,14288930.07,14288930.07,14288930.07,14288930.07,14288930.07,14288930.07,14288930.07,14288930.07,14288930.07,14288930.07,14288930.07,14288930.07,14288930.07,
Transformation\Electricity Generation\Processes\Eskom IPP Renewables,Interest Rate,Updated BAU GHS,Interp,Percent,5,5,5,5,5,5,5,5,5,5,5,5,5,5,5,5,5,5,5,5,5,5,5,5,5,5,5,5,5,5,5,5,5,
Transformation\Electricity Generation\Processes\Eskom IPP Renewables,Interest Rate,Updated LMI GHS,Interp,Percent,5,5,5,5,5,5,5,5,5,5,5,5,5,5,5,5,5,5,5,5,5,5,5,5,5,5,5,5,5,5,5,5,5,
Transformation\Electricity Generation\Processes\Eskom IPP Renewables,Interest Rate,Updated Pro Solar,Interp,Percent,5,5,5,5,5,5,5,5,5,5,5,5,5,5,5,5,5,5,5,5,5,5,5,5,5,5,5,5,5,5,5,5,5,
Transformation\Electricity Generation\Processes\Eskom IPP Renewables,Interest Rate,Updated Utility Protection,Interp,Percent,5,5,5,5,5,5,5,5,5,5,5,5,5,5,5,5,5,5,5,5,5,5,5,5,5,5,5,5,5,5,5,5,5,
Transformation\Electricity Generation\Processes\Eskom IPP Renewables,Lifetime,Updated BAU GHS,Interp,Years,30,30,30,30,30,30,30,30,30,30,30,30,30,30,30,30,30,30,30,30,30,30,30,30,30,30,30,30,30,30,30,30,30,
Transformation\Electricity Generation\Processes\Eskom IPP Renewables,Lifetime,Updated LMI GHS,Interp,Years,30,30,30,30,30,30,30,30,30,30,30,30,30,30,30,30,30,30,30,30,30,30,30,30,30,30,30,30,30,30,30,30,30,
Transformation\Electricity Generation\Processes\Eskom IPP Renewables,Lifetime,Updated Pro Solar,Interp,Years,30,30,30,30,30,30,30,30,30,30,30,30,30,30,30,30,30,30,30,30,30,30,30,30,30,30,30,30,30,30,30,30,30,
Transformation\Electricity Generation\Processes\Eskom IPP Renewables,Lifetime,Updated Utility Protection,Interp,Years,30,30,30,30,30,30,30,30,30,30,30,30,30,30,30,30,30,30,30,30,30,30,30,30,30,30,30,30,30,30,30,30,30,
Transformation\Electricity Generation\Processes\Eskom IPP Renewables,Maximum Availability,Updated BAU GHS,Interp,Percent,93,93,93,93,93,81.03,81.03,81.03,81.03,81.03,81.03,81.03,81.03,81.03,81.03,81.03,81.03,81.03,81.03,81.03,81.03,81.03,81.03,81.03,81.03,81.03,81.03,81.03,81.03,81.03,81.03,81.03,81.03,
Transformation\Electricity Generation\Processes\Eskom IPP Renewables,Maximum Availability,Updated LMI GHS,Interp,Percent,93,93,93,93,93,81.03,81.03,81.03,81.03,81.03,81.03,81.03,81.03,81.03,81.03,81.03,81.03,81.03,81.03,81.03,81.03,81.03,81.03,81.03,81.03,81.03,81.03,81.03,81.03,81.03,81.03,81.03,81.03,
Transformation\Electricity Generation\Processes\Eskom IPP Renewables,Maximum Availability,Updated Pro Solar,Interp,Percent,93,93,93,93,93,81.03,81.03,81.03,81.03,81.03,81.03,81.03,81.03,81.03,81.03,81.03,81.03,81.03,81.03,81.03,81.03,81.03,81.03,81.03,81.03,81.03,81.03,81.03,81.03,81.03,81.03,81.03,81.03,
Transformation\Electricity Generation\Processes\Eskom IPP Renewables,Maximum Availability,Updated Utility Protection,Interp,Percent,93,93,93,93,93,81.03,81.03,81.03,81.03,81.03,81.03,81.03,81.03,81.03,81.03,81.03,81.03,81.03,81.03,81.03,81.03,81.03,81.03,81.03,81.03,81.03,81.03,81.03,81.03,81.03,81.03,81.03,81.03,
Transformation\Electricity Generation\Processes\Eskom IPP Renewables,Merit Order,Updated BAU GHS,Interp,Merit Order,1,1,1,1,1,1,1,1,1,1,1,1,1,1,1,1,1,1,1,1,1,1,1,1,1,1,1,1,1,1,1,1,1,
Transformation\Electricity Generation\Processes\Eskom IPP Renewables,Merit Order,Updated LMI GHS,Interp,Merit Order,1,1,1,1,1,1,1,1,1,1,1,1,1,1,1,1,1,1,1,1,1,1,1,1,1,1,1,1,1,1,1,1,1,
Transformation\Electricity Generation\Processes\Eskom IPP Renewables,Merit Order,Updated Pro Solar,Interp,Merit Order,1,1,1,1,1,1,1,1,1,1,1,1,1,1,1,1,1,1,1,1,1,1,1,1,1,1,1,1,1,1,1,1,1,
Transformation\Electricity Generation\Processes\Eskom IPP Renewables,Merit Order,Updated Utility Protection,Interp,Merit Order,1,1,1,1,1,1,1,1,1,1,1,1,1,1,1,1,1,1,1,1,1,1,1,1,1,1,1,1,1,1,1,1,1,
Transformation\Electricity Generation\Processes\Eskom IPP Renewables,Minimum Utilization,Updated BAU GHS,Interp,Percent,0,0,0,0,0,0,0,0,0,0,0,0,0,0,0,0,0,0,0,0,0,0,0,0,0,0,0,0,0,0,0,0,0,
Transformation\Electricity Generation\Processes\Eskom IPP Renewables,Minimum Utilization,Updated LMI GHS,Interp,Percent,0,0,0,0,0,0,0,0,0,0,0,0,0,0,0,0,0,0,0,0,0,0,0,0,0,0,0,0,0,0,0,0,0,
Transformation\Electricity Generation\Processes\Eskom IPP Renewables,Minimum Utilization,Updated Pro Solar,Interp,Percent,0,0,0,0,0,0,0,0,0,0,0,0,0,0,0,0,0,0,0,0,0,0,0,0,0,0,0,0,0,0,0,0,0,
Transformation\Electricity Generation\Processes\Eskom IPP Renewables,Minimum Utilization,Updated Utility Protection,Interp,Percent,0,0,0,0,0,0,0,0,0,0,0,0,0,0,0,0,0,0,0,0,0,0,0,0,0,0,0,0,0,0,0,0,0,
Transformation\Electricity Generation\Processes\Eskom IPP Renewables,Process Efficiency,Updated BAU GHS,Interp,Percent,100,100,100,100,100,100,100,100,100,100,100,100,100,100,100,100,100,100,100,100,100,100,100,100,100,100,100,100,100,100,100,100,100,
Transformation\Electricity Generation\Processes\Eskom IPP Renewables,Process Efficiency,Updated LMI GHS,Interp,Percent,100,100,100,100,100,100,100,100,100,100,100,100,100,100,100,100,100,100,100,100,100,100,100,100,100,100,100,100,100,100,100,100,100,
Transformation\Electricity Generation\Processes\Eskom IPP Renewables,Process Efficiency,Updated Pro Solar,Interp,Percent,100,100,100,100,100,100,100,100,100,100,100,100,100,100,100,100,100,100,100,100,100,100,100,100,100,100,100,100,100,100,100,100,100,
Transformation\Electricity Generation\Processes\Eskom IPP Renewables,Process Efficiency,Updated Utility Protection,Interp,Percent,100,100,100,100,100,100,100,100,100,100,100,100,100,100,100,100,100,100,100,100,100,100,100,100,100,100,100,100,100,100,100,100,100,
Transformation\Electricity Generation\Processes\Eskom IPP Renewables,Salvage Value,Updated BAU GHS,Interp,U.S. Dollar,0,0,0,0,0,0,0,0,0,0,0,0,0,0,0,0,0,0,0,0,0,0,0,0,0,0,0,0,0,0,0,0,0,
Transformation\Electricity Generation\Processes\Eskom IPP Renewables,Salvage Value,Updated LMI GHS,Interp,U.S. Dollar,0,0,0,0,0,0,0,0,0,0,0,0,0,0,0,0,0,0,0,0,0,0,0,0,0,0,0,0,0,0,0,0,0,
Transformation\Electricity Generation\Processes\Eskom IPP Renewables,Salvage Value,Updated Pro Solar,Interp,U.S. Dollar,0,0,0,0,0,0,0,0,0,0,0,0,0,0,0,0,0,0,0,0,0,0,0,0,0,0,0,0,0,0,0,0,0,
Transformation\Electricity Generation\Processes\Eskom IPP Renewables,Salvage Value,Updated Utility Protection,Interp,U.S. Dollar,0,0,0,0,0,0,0,0,0,0,0,0,0,0,0,0,0,0,0,0,0,0,0,0,0,0,0,0,0,0,0,0,0,
Transformation\Electricity Generation\Processes\Eskom IPP Renewables,Stranded Cost,Updated BAU GHS,Interp,U.S. Dollar,0,0,0,0,0,0,0,0,0,0,0,0,0,0,0,0,0,0,0,0,0,0,0,0,0,0,0,0,0,0,0,0,0,
Transformation\Electricity Generation\Processes\Eskom IPP Renewables,Stranded Cost,Updated LMI GHS,Interp,U.S. Dollar,0,0,0,0,0,0,0,0,0,0,0,0,0,0,0,0,0,0,0,0,0,0,0,0,0,0,0,0,0,0,0,0,0,
Transformation\Electricity Generation\Processes\Eskom IPP Renewables,Stranded Cost,Updated Pro Solar,Interp,U.S. Dollar,0,0,0,0,0,0,0,0,0,0,0,0,0,0,0,0,0,0,0,0,0,0,0,0,0,0,0,0,0,0,0,0,0,
Transformation\Electricity Generation\Processes\Eskom IPP Renewables,Stranded Cost,Updated Utility Protection,Interp,U.S. Dollar,0,0,0,0,0,0,0,0,0,0,0,0,0,0,0,0,0,0,0,0,0,0,0,0,0,0,0,0,0,0,0,0,0,
Transformation\Electricity Generation\Processes\Eskom IPP Renewables,Variable OM Cost,Updated BAU GHS,Interp,South African Rand,1,1,1,1,1,1,1,1,1,1,1,1,1,1,1,1,1,1,1,1,1,1,1,1,1,1,1,1,1,1,1,1,1,
Transformation\Electricity Generation\Processes\Eskom IPP Renewables,Variable OM Cost,Updated LMI GHS,Interp,South African Rand,1,1,1,1,1,1,1,1,1,1,1,1,1,1,1,1,1,1,1,1,1,1,1,1,1,1,1,1,1,1,1,1,1,
Transformation\Electricity Generation\Processes\Eskom IPP Renewables,Variable OM Cost,Updated Pro Solar,Interp,South African Rand,1,1,1,1,1,1,1,1,1,1,1,1,1,1,1,1,1,1,1,1,1,1,1,1,1,1,1,1,1,1,1,1,1,
Transformation\Electricity Generation\Processes\Eskom IPP Renewables,Variable OM Cost,Updated Utility Protection,Interp,South African Rand,1,1,1,1,1,1,1,1,1,1,1,1,1,1,1,1,1,1,1,1,1,1,1,1,1,1,1,1,1,1,1,1,1,
Transformation\Electricity Generation\Processes\Eskom IPP Renewables\Feedstock Fuels\Biomass,Feedstock Fuel Share,Updated BAU GHS,Interp,U.S. Dollar,100,100,100,100,100,100,100,100,100,100,100,100,100,100,100,100,100,100,100,100,100,100,100,100,100,100,100,100,100,100,100,100,100,
Transformation\Electricity Generation\Processes\Eskom IPP Renewables\Feedstock Fuels\Biomass,Feedstock Fuel Share,Updated LMI GHS,Interp,U.S. Dollar,100,100,100,100,100,100,100,100,100,100,100,100,100,100,100,100,100,100,100,100,100,100,100,100,100,100,100,100,100,100,100,100,100,
Transformation\Electricity Generation\Processes\Eskom IPP Renewables\Feedstock Fuels\Biomass,Feedstock Fuel Share,Updated Pro Solar,Interp,U.S. Dollar,100,100,100,100,100,100,100,100,100,100,100,100,100,100,100,100,100,100,100,100,100,100,100,100,100,100,100,100,100,100,100,100,100,
Transformation\Electricity Generation\Processes\Eskom IPP Renewables\Feedstock Fuels\Biomass,Feedstock Fuel Share,Updated Utility Protection,Interp,U.S. Dollar,100,100,100,100,100,100,100,100,100,100,100,100,100,100,100,100,100,100,100,100,100,100,100,100,100,100,100,100,100,100,100,100,100,
Transformation\Electricity Generation\Processes\Eskom IPP Renewables\Feedstock Fuels\Biomass,Fuel Cost,Updated BAU GHS,Interp,U.S. Dollar,0,0,0,0,0,0,0,0,0,0,0,0,0,0,0,0,0,0,0,0,0,0,0,0,0,0,0,0,0,0,0,0,0,
Transformation\Electricity Generation\Processes\Eskom IPP Renewables\Feedstock Fuels\Biomass,Fuel Cost,Updated LMI GHS,Interp,U.S. Dollar,0,0,0,0,0,0,0,0,0,0,0,0,0,0,0,0,0,0,0,0,0,0,0,0,0,0,0,0,0,0,0,0,0,
Transformation\Electricity Generation\Processes\Eskom IPP Renewables\Feedstock Fuels\Biomass,Fuel Cost,Updated Pro Solar,Interp,U.S. Dollar,0,0,0,0,0,0,0,0,0,0,0,0,0,0,0,0,0,0,0,0,0,0,0,0,0,0,0,0,0,0,0,0,0,
Transformation\Electricity Generation\Processes\Eskom IPP Renewables\Feedstock Fuels\Biomass,Fuel Cost,Updated Utility Protection,Interp,U.S. Dollar,0,0,0,0,0,0,0,0,0,0,0,0,0,0,0,0,0,0,0,0,0,0,0,0,0,0,0,0,0,0,0,0,0,
Transformation\Electricity Generation\Processes\Eskom IPP Solar,Capacity Credit,Updated BAU GHS,Interp,Percent,100,100,100,100,100,100,100,100,100,100,100,100,100,100,100,100,100,100,100,100,100,100,100,100,100,100,100,100,100,100,100,100,100,
Transformation\Electricity Generation\Processes\Eskom IPP Solar,Capacity Credit,Updated LMI GHS,Interp,Percent,100,100,100,100,100,100,100,100,100,100,100,100,100,100,100,100,100,100,100,100,100,100,100,100,100,100,100,100,100,100,100,100,100,
Transformation\Electricity Generation\Processes\Eskom IPP Solar,Capacity Credit,Updated Pro Solar,Interp,Percent,100,100,100,100,100,100,100,100,100,100,100,100,100,100,100,100,100,100,100,100,100,100,100,100,100,100,100,100,100,100,100,100,100,
Transformation\Electricity Generation\Processes\Eskom IPP Solar,Capacity Credit,Updated Utility Protection,Interp,Percent,100,100,100,100,100,100,100,100,100,100,100,100,100,100,100,100,100,100,100,100,100,100,100,100,100,100,100,100,100,100,100,100,100,
Transformation\Electricity Generation\Processes\Eskom IPP Solar,Capital Cost,Updated BAU GHS,Interp,U.S. Dollar,0,0,0,0,0,0,0,0,0,0,0,0,0,0,0,0,0,0,0,0,0,0,0,0,0,0,0,0,0,0,0,0,0,
Transformation\Electricity Generation\Processes\Eskom IPP Solar,Capital Cost,Updated LMI GHS,Interp,U.S. Dollar,0,0,0,0,0,0,0,0,0,0,0,0,0,0,0,0,0,0,0,0,0,0,0,0,0,0,0,0,0,0,0,0,0,
Transformation\Electricity Generation\Processes\Eskom IPP Solar,Capital Cost,Updated Pro Solar,Interp,U.S. Dollar,0,0,0,0,0,0,0,0,0,0,0,0,0,0,0,0,0,0,0,0,0,0,0,0,0,0,0,0,0,0,0,0,0,
Transformation\Electricity Generation\Processes\Eskom IPP Solar,Capital Cost,Updated Utility Protection,Interp,U.S. Dollar,0,0,0,0,0,0,0,0,0,0,0,0,0,0,0,0,0,0,0,0,0,0,0,0,0,0,0,0,0,0,0,0,0,
Transformation\Electricity Generation\Processes\Eskom IPP Solar,Dispatch Rule,Updated BAU GHS,Interp,None,4,4,4,4,4,4,4,4,4,4,4,4,4,4,4,4,4,4,4,4,4,4,4,4,4,4,4,4,4,4,4,4,4,
Transformation\Electricity Generation\Processes\Eskom IPP Solar,Dispatch Rule,Updated LMI GHS,Interp,None,4,4,4,4,4,4,4,4,4,4,4,4,4,4,4,4,4,4,4,4,4,4,4,4,4,4,4,4,4,4,4,4,4,
Transformation\Electricity Generation\Processes\Eskom IPP Solar,Dispatch Rule,Updated Pro Solar,Interp,None,4,4,4,4,4,4,4,4,4,4,4,4,4,4,4,4,4,4,4,4,4,4,4,4,4,4,4,4,4,4,4,4,4,
Transformation\Electricity Generation\Processes\Eskom IPP Solar,Dispatch Rule,Updated Utility Protection,Interp,None,4,4,4,4,4,4,4,4,4,4,4,4,4,4,4,4,4,4,4,4,4,4,4,4,4,4,4,4,4,4,4,4,4,
Transformation\Electricity Generation\Processes\Eskom IPP Solar,Endogenous Capacity,Updated BAU GHS,Interp,Megawatt,0,0,0,0,0,0,0,0,0,0,0,0,0,0,0,0,0,0,0,0,0,0,0,0,0,0,0,0,0,0,0,0,0,
Transformation\Electricity Generation\Processes\Eskom IPP Solar,Endogenous Capacity,Updated LMI GHS,Interp,Megawatt,0,0,0,0,0,0,0,0,0,0,0,0,0,0,0,0,0,0,0,0,0,0,0,0,0,0,0,0,0,0,0,0,0,
Transformation\Electricity Generation\Processes\Eskom IPP Solar,Endogenous Capacity,Updated Pro Solar,Interp,Megawatt,0,0,0,0,0,0,0,0,0,0,0,0,0,0,0,0,0,0,0,0,0,0,0,0,0,0,0,0,0,0,0,0,0,
Transformation\Electricity Generation\Processes\Eskom IPP Solar,Endogenous Capacity,Updated Utility Protection,Interp,Megawatt,0,0,0,0,0,0,0,0,0,0,0,0,0,0,0,0,0,0,0,0,0,0,0,0,0,0,0,0,0,0,0,0,0,
Transformation\Electricity Generation\Processes\Eskom IPP Solar,Exogenous Capacity,Updated BAU GHS,Interp,Megawatt,61.99,71.56,74.95,86.91,85.46,90.82,93.24,93.24,93.24,93.24,93.24,93.24,93.24,93.24,93.24,93.24,93.24,93.24,93.24,93.24,93.24,93.24,93.24,93.24,93.24,93.24,93.24,93.24,93.24,93.24,93.24,93.24,93.24,
Transformation\Electricity Generation\Processes\Eskom IPP Solar,Exogenous Capacity,Updated LMI GHS,Interp,Megawatt,61.99,71.56,74.95,86.91,85.46,90.82,93.24,93.24,93.24,93.24,93.24,93.24,93.24,93.24,93.24,93.24,93.24,93.24,93.24,93.24,93.24,93.24,93.24,93.24,93.24,93.24,93.24,93.24,93.24,93.24,93.24,93.24,93.24,
Transformation\Electricity Generation\Processes\Eskom IPP Solar,Exogenous Capacity,Updated Pro Solar,Interp,Megawatt,61.99,71.56,74.95,86.91,85.46,90.82,93.24,93.24,93.24,93.24,93.24,93.24,93.24,93.24,93.24,93.24,93.24,93.24,93.24,93.24,93.24,93.24,93.24,93.24,93.24,93.24,93.24,93.24,93.24,93.24,93.24,93.24,93.24,
Transformation\Electricity Generation\Processes\Eskom IPP Solar,Exogenous Capacity,Updated Utility Protection,Interp,Megawatt,61.99,71.56,74.95,86.91,85.46,90.82,93.24,93.24,93.24,93.24,93.24,93.24,93.24,93.24,93.24,93.24,93.24,93.24,93.24,93.24,93.24,93.24,93.24,93.24,93.24,93.24,93.24,93.24,93.24,93.24,93.24,93.24,93.24,
Transformation\Electricity Generation\Processes\Eskom IPP Solar,First Simulation Year,Updated BAU GHS,Interp,Years,2024,2024,2024,2024,2024,2024,2024,2024,2024,2024,2024,2024,2024,2024,2024,2024,2024,2024,2024,2024,2024,2024,2024,2024,2024,2024,2024,2024,2024,2024,2024,2024,2024,
Transformation\Electricity Generation\Processes\Eskom IPP Solar,First Simulation Year,Updated LMI GHS,Interp,Years,2024,2024,2024,2024,2024,2024,2024,2024,2024,2024,2024,2024,2024,2024,2024,2024,2024,2024,2024,2024,2024,2024,2024,2024,2024,2024,2024,2024,2024,2024,2024,2024,2024,
Transformation\Electricity Generation\Processes\Eskom IPP Solar,First Simulation Year,Updated Pro Solar,Interp,Years,2024,2024,2024,2024,2024,2024,2024,2024,2024,2024,2024,2024,2024,2024,2024,2024,2024,2024,2024,2024,2024,2024,2024,2024,2024,2024,2024,2024,2024,2024,2024,2024,2024,
Transformation\Electricity Generation\Processes\Eskom IPP Solar,First Simulation Year,Updated Utility Protection,Interp,Years,2024,2024,2024,2024,2024,2024,2024,2024,2024,2024,2024,2024,2024,2024,2024,2024,2024,2024,2024,2024,2024,2024,2024,2024,2024,2024,2024,2024,2024,2024,2024,2024,2024,
Transformation\Electricity Generation\Processes\Eskom IPP Solar,Fixed OM Cost,Updated BAU GHS,Interp,South African Rand,0,0,0,0,0,0,0,0,0,0,0,0,0,0,0,0,0,0,0,0,0,0,0,0,0,0,0,0,0,0,0,0,0,
Transformation\Electricity Generation\Processes\Eskom IPP Solar,Fixed OM Cost,Updated LMI GHS,Interp,South African Rand,0,0,0,0,0,0,0,0,0,0,0,0,0,0,0,0,0,0,0,0,0,0,0,0,0,0,0,0,0,0,0,0,0,
Transformation\Electricity Generation\Processes\Eskom IPP Solar,Fixed OM Cost,Updated Pro Solar,Interp,South African Rand,0,0,0,0,0,0,0,0,0,0,0,0,0,0,0,0,0,0,0,0,0,0,0,0,0,0,0,0,0,0,0,0,0,
Transformation\Electricity Generation\Processes\Eskom IPP Solar,Fixed OM Cost,Updated Utility Protection,Interp,South African Rand,0,0,0,0,0,0,0,0,0,0,0,0,0,0,0,0,0,0,0,0,0,0,0,0,0,0,0,0,0,0,0,0,0,
Transformation\Electricity Generation\Processes\Eskom IPP Solar,Historical Production,Updated BAU GHS,Interp,Kilowatt-Hour,165215943.63,185445605.73,197836002.9,255609971.02,247642072.51,253608772.69,253608772.69,253608772.69,253608772.69,253608772.69,253608772.69,253608772.69,253608772.69,253608772.69,253608772.69,253608772.69,253608772.69,253608772.69,253608772.69,253608772.69,253608772.69,253608772.69,253608772.69,253608772.69,253608772.69,253608772.69,253608772.69,253608772.69,253608772.69,253608772.69,253608772.69,253608772.69,253608772.69,
Transformation\Electricity Generation\Processes\Eskom IPP Solar,Historical Production,Updated LMI GHS,Interp,Kilowatt-Hour,165215943.63,185445605.73,197836002.9,255609971.02,247642072.51,253608772.69,253608772.69,253608772.69,253608772.69,253608772.69,253608772.69,253608772.69,253608772.69,253608772.69,253608772.69,253608772.69,253608772.69,253608772.69,253608772.69,253608772.69,253608772.69,253608772.69,253608772.69,253608772.69,253608772.69,253608772.69,253608772.69,253608772.69,253608772.69,253608772.69,253608772.69,253608772.69,253608772.69,
Transformation\Electricity Generation\Processes\Eskom IPP Solar,Historical Production,Updated Pro Solar,Interp,Kilowatt-Hour,165215943.63,185445605.73,197836002.9,255609971.02,247642072.51,253608772.69,253608772.69,253608772.69,253608772.69,253608772.69,253608772.69,253608772.69,253608772.69,253608772.69,253608772.69,253608772.69,253608772.69,253608772.69,253608772.69,253608772.69,253608772.69,253608772.69,253608772.69,253608772.69,253608772.69,253608772.69,253608772.69,253608772.69,253608772.69,253608772.69,253608772.69,253608772.69,253608772.69,
Transformation\Electricity Generation\Processes\Eskom IPP Solar,Historical Production,Updated Utility Protection,Interp,Kilowatt-Hour,165215943.63,185445605.73,197836002.9,255609971.02,247642072.51,253608772.69,253608772.69,253608772.69,253608772.69,253608772.69,253608772.69,253608772.69,253608772.69,253608772.69,253608772.69,253608772.69,253608772.69,253608772.69,253608772.69,253608772.69,253608772.69,253608772.69,253608772.69,253608772.69,253608772.69,253608772.69,253608772.69,253608772.69,253608772.69,253608772.69,253608772.69,253608772.69,253608772.69,
Transformation\Electricity Generation\Processes\Eskom IPP Solar,Interest Rate,Updated BAU GHS,Interp,Percent,5,5,5,5,5,5,5,5,5,5,5,5,5,5,5,5,5,5,5,5,5,5,5,5,5,5,5,5,5,5,5,5,5,
Transformation\Electricity Generation\Processes\Eskom IPP Solar,Interest Rate,Updated LMI GHS,Interp,Percent,5,5,5,5,5,5,5,5,5,5,5,5,5,5,5,5,5,5,5,5,5,5,5,5,5,5,5,5,5,5,5,5,5,
Transformation\Electricity Generation\Processes\Eskom IPP Solar,Interest Rate,Updated Pro Solar,Interp,Percent,5,5,5,5,5,5,5,5,5,5,5,5,5,5,5,5,5,5,5,5,5,5,5,5,5,5,5,5,5,5,5,5,5,
Transformation\Electricity Generation\Processes\Eskom IPP Solar,Interest Rate,Updated Utility Protection,Interp,Percent,5,5,5,5,5,5,5,5,5,5,5,5,5,5,5,5,5,5,5,5,5,5,5,5,5,5,5,5,5,5,5,5,5,
Transformation\Electricity Generation\Processes\Eskom IPP Solar,Lifetime,Updated BAU GHS,Interp,Years,30,30,30,30,30,30,30,30,30,30,30,30,30,30,30,30,30,30,30,30,30,30,30,30,30,30,30,30,30,30,30,30,30,
Transformation\Electricity Generation\Processes\Eskom IPP Solar,Lifetime,Updated LMI GHS,Interp,Years,30,30,30,30,30,30,30,30,30,30,30,30,30,30,30,30,30,30,30,30,30,30,30,30,30,30,30,30,30,30,30,30,30,
Transformation\Electricity Generation\Processes\Eskom IPP Solar,Lifetime,Updated Pro Solar,Interp,Years,30,30,30,30,30,30,30,30,30,30,30,30,30,30,30,30,30,30,30,30,30,30,30,30,30,30,30,30,30,30,30,30,30,
Transformation\Electricity Generation\Processes\Eskom IPP Solar,Lifetime,Updated Utility Protection,Interp,Years,30,30,30,30,30,30,30,30,30,30,30,30,30,30,30,30,30,30,30,30,30,30,30,30,30,30,30,30,30,30,30,30,30,
Transformation\Electricity Generation\Processes\Eskom IPP Solar,Maximum Availability,Updated BAU GHS,Interp,Percent,25.96,25.96,25.96,25.96,25.96,27.04,27.04,27.04,27.04,27.04,27.04,27.04,27.04,27.04,27.04,27.04,27.04,27.04,27.04,27.04,27.04,27.04,27.04,27.04,27.04,27.04,27.04,27.04,27.04,27.04,27.04,27.04,27.04,
Transformation\Electricity Generation\Processes\Eskom IPP Solar,Maximum Availability,Updated LMI GHS,Interp,Percent,25.96,25.96,25.96,25.96,25.96,27.04,27.04,27.04,27.04,27.04,27.04,27.04,27.04,27.04,27.04,27.04,27.04,27.04,27.04,27.04,27.04,27.04,27.04,27.04,27.04,27.04,27.04,27.04,27.04,27.04,27.04,27.04,27.04,
Transformation\Electricity Generation\Processes\Eskom IPP Solar,Maximum Availability,Updated Pro Solar,Interp,Percent,25.96,25.96,25.96,25.96,25.96,27.04,27.04,27.04,27.04,27.04,27.04,27.04,27.04,27.04,27.04,27.04,27.04,27.04,27.04,27.04,27.04,27.04,27.04,27.04,27.04,27.04,27.04,27.04,27.04,27.04,27.04,27.04,27.04,
Transformation\Electricity Generation\Processes\Eskom IPP Solar,Maximum Availability,Updated Utility Protection,Interp,Percent,25.96,25.96,25.96,25.96,25.96,27.04,27.04,27.04,27.04,27.04,27.04,27.04,27.04,27.04,27.04,27.04,27.04,27.04,27.04,27.04,27.04,27.04,27.04,27.04,27.04,27.04,27.04,27.04,27.04,27.04,27.04,27.04,27.04,
Transformation\Electricity Generation\Processes\Eskom IPP Solar,Merit Order,Updated BAU GHS,Interp,Merit Order,1,1,1,1,1,1,1,1,1,1,1,1,1,1,1,1,1,1,1,1,1,1,1,1,1,1,1,1,1,1,1,1,1,
Transformation\Electricity Generation\Processes\Eskom IPP Solar,Merit Order,Updated LMI GHS,Interp,Merit Order,1,1,1,1,1,1,1,1,1,1,1,1,1,1,1,1,1,1,1,1,1,1,1,1,1,1,1,1,1,1,1,1,1,
Transformation\Electricity Generation\Processes\Eskom IPP Solar,Merit Order,Updated Pro Solar,Interp,Merit Order,1,1,1,1,1,1,1,1,1,1,1,1,1,1,1,1,1,1,1,1,1,1,1,1,1,1,1,1,1,1,1,1,1,
Transformation\Electricity Generation\Processes\Eskom IPP Solar,Merit Order,Updated Utility Protection,Interp,Merit Order,1,1,1,1,1,1,1,1,1,1,1,1,1,1,1,1,1,1,1,1,1,1,1,1,1,1,1,1,1,1,1,1,1,
Transformation\Electricity Generation\Processes\Eskom IPP Solar,Minimum Utilization,Updated BAU GHS,Interp,Percent,0,0,0,0,0,0,0,0,0,0,0,0,0,0,0,0,0,0,0,0,0,0,0,0,0,0,0,0,0,0,0,0,0,
Transformation\Electricity Generation\Processes\Eskom IPP Solar,Minimum Utilization,Updated LMI GHS,Interp,Percent,0,0,0,0,0,0,0,0,0,0,0,0,0,0,0,0,0,0,0,0,0,0,0,0,0,0,0,0,0,0,0,0,0,
Transformation\Electricity Generation\Processes\Eskom IPP Solar,Minimum Utilization,Updated Pro Solar,Interp,Percent,0,0,0,0,0,0,0,0,0,0,0,0,0,0,0,0,0,0,0,0,0,0,0,0,0,0,0,0,0,0,0,0,0,
Transformation\Electricity Generation\Processes\Eskom IPP Solar,Minimum Utilization,Updated Utility Protection,Interp,Percent,0,0,0,0,0,0,0,0,0,0,0,0,0,0,0,0,0,0,0,0,0,0,0,0,0,0,0,0,0,0,0,0,0,
Transformation\Electricity Generation\Processes\Eskom IPP Solar,Process Efficiency,Updated BAU GHS,Interp,Percent,100,100,100,100,100,100,100,100,100,100,100,100,100,100,100,100,100,100,100,100,100,100,100,100,100,100,100,100,100,100,100,100,100,
Transformation\Electricity Generation\Processes\Eskom IPP Solar,Process Efficiency,Updated LMI GHS,Interp,Percent,100,100,100,100,100,100,100,100,100,100,100,100,100,100,100,100,100,100,100,100,100,100,100,100,100,100,100,100,100,100,100,100,100,
Transformation\Electricity Generation\Processes\Eskom IPP Solar,Process Efficiency,Updated Pro Solar,Interp,Percent,100,100,100,100,100,100,100,100,100,100,100,100,100,100,100,100,100,100,100,100,100,100,100,100,100,100,100,100,100,100,100,100,100,
Transformation\Electricity Generation\Processes\Eskom IPP Solar,Process Efficiency,Updated Utility Protection,Interp,Percent,100,100,100,100,100,100,100,100,100,100,100,100,100,100,100,100,100,100,100,100,100,100,100,100,100,100,100,100,100,100,100,100,100,
Transformation\Electricity Generation\Processes\Eskom IPP Solar,Salvage Value,Updated BAU GHS,Interp,U.S. Dollar,0,0,0,0,0,0,0,0,0,0,0,0,0,0,0,0,0,0,0,0,0,0,0,0,0,0,0,0,0,0,0,0,0,
Transformation\Electricity Generation\Processes\Eskom IPP Solar,Salvage Value,Updated LMI GHS,Interp,U.S. Dollar,0,0,0,0,0,0,0,0,0,0,0,0,0,0,0,0,0,0,0,0,0,0,0,0,0,0,0,0,0,0,0,0,0,
Transformation\Electricity Generation\Processes\Eskom IPP Solar,Salvage Value,Updated Pro Solar,Interp,U.S. Dollar,0,0,0,0,0,0,0,0,0,0,0,0,0,0,0,0,0,0,0,0,0,0,0,0,0,0,0,0,0,0,0,0,0,
Transformation\Electricity Generation\Processes\Eskom IPP Solar,Salvage Value,Updated Utility Protection,Interp,U.S. Dollar,0,0,0,0,0,0,0,0,0,0,0,0,0,0,0,0,0,0,0,0,0,0,0,0,0,0,0,0,0,0,0,0,0,
Transformation\Electricity Generation\Processes\Eskom IPP Solar,Stranded Cost,Updated BAU GHS,Interp,U.S. Dollar,0,0,0,0,0,0,0,0,0,0,0,0,0,0,0,0,0,0,0,0,0,0,0,0,0,0,0,0,0,0,0,0,0,
Transformation\Electricity Generation\Processes\Eskom IPP Solar,Stranded Cost,Updated LMI GHS,Interp,U.S. Dollar,0,0,0,0,0,0,0,0,0,0,0,0,0,0,0,0,0,0,0,0,0,0,0,0,0,0,0,0,0,0,0,0,0,
Transformation\Electricity Generation\Processes\Eskom IPP Solar,Stranded Cost,Updated Pro Solar,Interp,U.S. Dollar,0,0,0,0,0,0,0,0,0,0,0,0,0,0,0,0,0,0,0,0,0,0,0,0,0,0,0,0,0,0,0,0,0,
Transformation\Electricity Generation\Processes\Eskom IPP Solar,Stranded Cost,Updated Utility Protection,Interp,U.S. Dollar,0,0,0,0,0,0,0,0,0,0,0,0,0,0,0,0,0,0,0,0,0,0,0,0,0,0,0,0,0,0,0,0,0,
Transformation\Electricity Generation\Processes\Eskom IPP Solar,Variable OM Cost,Updated BAU GHS,Interp,South African Rand,0,0,0,0,0,0,0,0,0,0,0,0,0,0,0,0,0,0,0,0,0,0,0,0,0,0,0,0,0,0,0,0,0,
Transformation\Electricity Generation\Processes\Eskom IPP Solar,Variable OM Cost,Updated LMI GHS,Interp,South African Rand,0,0,0,0,0,0,0,0,0,0,0,0,0,0,0,0,0,0,0,0,0,0,0,0,0,0,0,0,0,0,0,0,0,
Transformation\Electricity Generation\Processes\Eskom IPP Solar,Variable OM Cost,Updated Pro Solar,Interp,South African Rand,0,0,0,0,0,0,0,0,0,0,0,0,0,0,0,0,0,0,0,0,0,0,0,0,0,0,0,0,0,0,0,0,0,
Transformation\Electricity Generation\Processes\Eskom IPP Solar,Variable OM Cost,Updated Utility Protection,Interp,South African Rand,0,0,0,0,0,0,0,0,0,0,0,0,0,0,0,0,0,0,0,0,0,0,0,0,0,0,0,0,0,0,0,0,0,
Transformation\Electricity Generation\Processes\Eskom IPP Solar\Feedstock Fuels\Solar,Feedstock Fuel Share,Updated BAU GHS,Interp,U.S. Dollar,100,100,100,100,100,100,100,100,100,100,100,100,100,100,100,100,100,100,100,100,100,100,100,100,100,100,100,100,100,100,100,100,100,
Transformation\Electricity Generation\Processes\Eskom IPP Solar\Feedstock Fuels\Solar,Feedstock Fuel Share,Updated LMI GHS,Interp,U.S. Dollar,100,100,100,100,100,100,100,100,100,100,100,100,100,100,100,100,100,100,100,100,100,100,100,100,100,100,100,100,100,100,100,100,100,
Transformation\Electricity Generation\Processes\Eskom IPP Solar\Feedstock Fuels\Solar,Feedstock Fuel Share,Updated Pro Solar,Interp,U.S. Dollar,100,100,100,100,100,100,100,100,100,100,100,100,100,100,100,100,100,100,100,100,100,100,100,100,100,100,100,100,100,100,100,100,100,
Transformation\Electricity Generation\Processes\Eskom IPP Solar\Feedstock Fuels\Solar,Feedstock Fuel Share,Updated Utility Protection,Interp,U.S. Dollar,100,100,100,100,100,100,100,100,100,100,100,100,100,100,100,100,100,100,100,100,100,100,100,100,100,100,100,100,100,100,100,100,100,
Transformation\Electricity Generation\Processes\Eskom IPP Solar\Feedstock Fuels\Solar,Fuel Cost,Updated BAU GHS,Interp,U.S. Dollar,0,0,0,0,0,0,0,0,0,0,0,0,0,0,0,0,0,0,0,0,0,0,0,0,0,0,0,0,0,0,0,0,0,
Transformation\Electricity Generation\Processes\Eskom IPP Solar\Feedstock Fuels\Solar,Fuel Cost,Updated LMI GHS,Interp,U.S. Dollar,0,0,0,0,0,0,0,0,0,0,0,0,0,0,0,0,0,0,0,0,0,0,0,0,0,0,0,0,0,0,0,0,0,
Transformation\Electricity Generation\Processes\Eskom IPP Solar\Feedstock Fuels\Solar,Fuel Cost,Updated Pro Solar,Interp,U.S. Dollar,0,0,0,0,0,0,0,0,0,0,0,0,0,0,0,0,0,0,0,0,0,0,0,0,0,0,0,0,0,0,0,0,0,
Transformation\Electricity Generation\Processes\Eskom IPP Solar\Feedstock Fuels\Solar,Fuel Cost,Updated Utility Protection,Interp,U.S. Dollar,0,0,0,0,0,0,0,0,0,0,0,0,0,0,0,0,0,0,0,0,0,0,0,0,0,0,0,0,0,0,0,0,0,
Transformation\Electricity Generation\Processes\Eskom IPP Wind,Capacity Credit,Updated BAU GHS,Interp,Percent,100,100,100,100,100,100,100,100,100,100,100,100,100,100,100,100,100,100,100,100,100,100,100,100,100,100,100,100,100,100,100,100,100,
Transformation\Electricity Generation\Processes\Eskom IPP Wind,Capacity Credit,Updated LMI GHS,Interp,Percent,100,100,100,100,100,100,100,100,100,100,100,100,100,100,100,100,100,100,100,100,100,100,100,100,100,100,100,100,100,100,100,100,100,
Transformation\Electricity Generation\Processes\Eskom IPP Wind,Capacity Credit,Updated Pro Solar,Interp,Percent,100,100,100,100,100,100,100,100,100,100,100,100,100,100,100,100,100,100,100,100,100,100,100,100,100,100,100,100,100,100,100,100,100,
Transformation\Electricity Generation\Processes\Eskom IPP Wind,Capacity Credit,Updated Utility Protection,Interp,Percent,100,100,100,100,100,100,100,100,100,100,100,100,100,100,100,100,100,100,100,100,100,100,100,100,100,100,100,100,100,100,100,100,100,
Transformation\Electricity Generation\Processes\Eskom IPP Wind,Capital Cost,Updated BAU GHS,Interp,U.S. Dollar,0,0,0,0,0,0,0,0,0,0,0,0,0,0,0,0,0,0,0,0,0,0,0,0,0,0,0,0,0,0,0,0,0,
Transformation\Electricity Generation\Processes\Eskom IPP Wind,Capital Cost,Updated LMI GHS,Interp,U.S. Dollar,0,0,0,0,0,0,0,0,0,0,0,0,0,0,0,0,0,0,0,0,0,0,0,0,0,0,0,0,0,0,0,0,0,
Transformation\Electricity Generation\Processes\Eskom IPP Wind,Capital Cost,Updated Pro Solar,Interp,U.S. Dollar,0,0,0,0,0,0,0,0,0,0,0,0,0,0,0,0,0,0,0,0,0,0,0,0,0,0,0,0,0,0,0,0,0,
Transformation\Electricity Generation\Processes\Eskom IPP Wind,Capital Cost,Updated Utility Protection,Interp,U.S. Dollar,0,0,0,0,0,0,0,0,0,0,0,0,0,0,0,0,0,0,0,0,0,0,0,0,0,0,0,0,0,0,0,0,0,
Transformation\Electricity Generation\Processes\Eskom IPP Wind,Dispatch Rule,Updated BAU GHS,Interp,None,4,4,4,4,4,4,4,4,4,4,4,4,4,4,4,4,4,4,4,4,4,4,4,4,4,4,4,4,4,4,4,4,4,
Transformation\Electricity Generation\Processes\Eskom IPP Wind,Dispatch Rule,Updated LMI GHS,Interp,None,4,4,4,4,4,4,4,4,4,4,4,4,4,4,4,4,4,4,4,4,4,4,4,4,4,4,4,4,4,4,4,4,4,
Transformation\Electricity Generation\Processes\Eskom IPP Wind,Dispatch Rule,Updated Pro Solar,Interp,None,4,4,4,4,4,4,4,4,4,4,4,4,4,4,4,4,4,4,4,4,4,4,4,4,4,4,4,4,4,4,4,4,4,
Transformation\Electricity Generation\Processes\Eskom IPP Wind,Dispatch Rule,Updated Utility Protection,Interp,None,4,4,4,4,4,4,4,4,4,4,4,4,4,4,4,4,4,4,4,4,4,4,4,4,4,4,4,4,4,4,4,4,4,
Transformation\Electricity Generation\Processes\Eskom IPP Wind,Endogenous Capacity,Updated BAU GHS,Interp,Megawatt,0,0,0,0,0,0,0,0,0,0,0,0,0,0,0,0,0,0,0,0,0,0,0,0,0,0,0,0,0,0,0,0,0,
Transformation\Electricity Generation\Processes\Eskom IPP Wind,Endogenous Capacity,Updated LMI GHS,Interp,Megawatt,0,0,0,0,0,0,0,0,0,0,0,0,0,0,0,0,0,0,0,0,0,0,0,0,0,0,0,0,0,0,0,0,0,
Transformation\Electricity Generation\Processes\Eskom IPP Wind,Endogenous Capacity,Updated Pro Solar,Interp,Megawatt,0,0,0,0,0,0,0,0,0,0,0,0,0,0,0,0,0,0,0,0,0,0,0,0,0,0,0,0,0,0,0,0,0,
Transformation\Electricity Generation\Processes\Eskom IPP Wind,Endogenous Capacity,Updated Utility Protection,Interp,Megawatt,0,0,0,0,0,0,0,0,0,0,0,0,0,0,0,0,0,0,0,0,0,0,0,0,0,0,0,0,0,0,0,0,0,
Transformation\Electricity Generation\Processes\Eskom IPP Wind,Exogenous Capacity,Updated BAU GHS,Interp,Megawatt,69.12,71.78,67.49,78.34,96.52,111.91,106.1,106.1,106.1,106.1,106.1,106.1,106.1,106.1,106.1,106.1,106.1,106.1,106.1,106.1,106.1,106.1,106.1,106.1,106.1,106.1,106.1,106.1,106.1,106.1,106.1,106.1,106.1,
Transformation\Electricity Generation\Processes\Eskom IPP Wind,Exogenous Capacity,Updated LMI GHS,Interp,Megawatt,69.12,71.78,67.49,78.34,96.52,111.91,106.1,106.1,106.1,106.1,106.1,106.1,106.1,106.1,106.1,106.1,106.1,106.1,106.1,106.1,106.1,106.1,106.1,106.1,106.1,106.1,106.1,106.1,106.1,106.1,106.1,106.1,106.1,
Transformation\Electricity Generation\Processes\Eskom IPP Wind,Exogenous Capacity,Updated Pro Solar,Interp,Megawatt,69.12,71.78,67.49,78.34,96.52,111.91,106.1,106.1,106.1,106.1,106.1,106.1,106.1,106.1,106.1,106.1,106.1,106.1,106.1,106.1,106.1,106.1,106.1,106.1,106.1,106.1,106.1,106.1,106.1,106.1,106.1,106.1,106.1,
Transformation\Electricity Generation\Processes\Eskom IPP Wind,Exogenous Capacity,Updated Utility Protection,Interp,Megawatt,69.12,71.78,67.49,78.34,96.52,111.91,106.1,106.1,106.1,106.1,106.1,106.1,106.1,106.1,106.1,106.1,106.1,106.1,106.1,106.1,106.1,106.1,106.1,106.1,106.1,106.1,106.1,106.1,106.1,106.1,106.1,106.1,106.1,
Transformation\Electricity Generation\Processes\Eskom IPP Wind,First Simulation Year,Updated BAU GHS,Interp,Years,2024,2024,2024,2024,2024,2024,2024,2024,2024,2024,2024,2024,2024,2024,2024,2024,2024,2024,2024,2024,2024,2024,2024,2024,2024,2024,2024,2024,2024,2024,2024,2024,2024,
Transformation\Electricity Generation\Processes\Eskom IPP Wind,First Simulation Year,Updated LMI GHS,Interp,Years,2024,2024,2024,2024,2024,2024,2024,2024,2024,2024,2024,2024,2024,2024,2024,2024,2024,2024,2024,2024,2024,2024,2024,2024,2024,2024,2024,2024,2024,2024,2024,2024,2024,
Transformation\Electricity Generation\Processes\Eskom IPP Wind,First Simulation Year,Updated Pro Solar,Interp,Years,2024,2024,2024,2024,2024,2024,2024,2024,2024,2024,2024,2024,2024,2024,2024,2024,2024,2024,2024,2024,2024,2024,2024,2024,2024,2024,2024,2024,2024,2024,2024,2024,2024,
Transformation\Electricity Generation\Processes\Eskom IPP Wind,First Simulation Year,Updated Utility Protection,Interp,Years,2024,2024,2024,2024,2024,2024,2024,2024,2024,2024,2024,2024,2024,2024,2024,2024,2024,2024,2024,2024,2024,2024,2024,2024,2024,2024,2024,2024,2024,2024,2024,2024,2024,
Transformation\Electricity Generation\Processes\Eskom IPP Wind,Fixed OM Cost,Updated BAU GHS,Interp,South African Rand,0,0,0,0,0,0,0,0,0,0,0,0,0,0,0,0,0,0,0,0,0,0,0,0,0,0,0,0,0,0,0,0,0,
Transformation\Electricity Generation\Processes\Eskom IPP Wind,Fixed OM Cost,Updated LMI GHS,Interp,South African Rand,0,0,0,0,0,0,0,0,0,0,0,0,0,0,0,0,0,0,0,0,0,0,0,0,0,0,0,0,0,0,0,0,0,
Transformation\Electricity Generation\Processes\Eskom IPP Wind,Fixed OM Cost,Updated Pro Solar,Interp,South African Rand,0,0,0,0,0,0,0,0,0,0,0,0,0,0,0,0,0,0,0,0,0,0,0,0,0,0,0,0,0,0,0,0,0,
Transformation\Electricity Generation\Processes\Eskom IPP Wind,Fixed OM Cost,Updated Utility Protection,Interp,South African Rand,0,0,0,0,0,0,0,0,0,0,0,0,0,0,0,0,0,0,0,0,0,0,0,0,0,0,0,0,0,0,0,0,0,
Transformation\Electricity Generation\Processes\Eskom IPP Wind,Historical Production,Updated BAU GHS,Interp,Kilowatt-Hour,259625407.61,262154401.15,251054409.82,324723948.27,394188823.04,401826818.05,401826818.05,401826818.05,401826818.05,401826818.05,401826818.05,401826818.05,401826818.05,401826818.05,401826818.05,401826818.05,401826818.05,401826818.05,401826818.05,401826818.05,401826818.05,401826818.05,401826818.05,401826818.05,401826818.05,401826818.05,401826818.05,401826818.05,401826818.05,401826818.05,401826818.05,401826818.05,401826818.05,
Transformation\Electricity Generation\Processes\Eskom IPP Wind,Historical Production,Updated LMI GHS,Interp,Kilowatt-Hour,259625407.61,262154401.15,251054409.82,324723948.27,394188823.04,401826818.05,401826818.05,401826818.05,401826818.05,401826818.05,401826818.05,401826818.05,401826818.05,401826818.05,401826818.05,401826818.05,401826818.05,401826818.05,401826818.05,401826818.05,401826818.05,401826818.05,401826818.05,401826818.05,401826818.05,401826818.05,401826818.05,401826818.05,401826818.05,401826818.05,401826818.05,401826818.05,401826818.05,
Transformation\Electricity Generation\Processes\Eskom IPP Wind,Historical Production,Updated Pro Solar,Interp,Kilowatt-Hour,259625407.61,262154401.15,251054409.82,324723948.27,394188823.04,401826818.05,401826818.05,401826818.05,401826818.05,401826818.05,401826818.05,401826818.05,401826818.05,401826818.05,401826818.05,401826818.05,401826818.05,401826818.05,401826818.05,401826818.05,401826818.05,401826818.05,401826818.05,401826818.05,401826818.05,401826818.05,401826818.05,401826818.05,401826818.05,401826818.05,401826818.05,401826818.05,401826818.05,
Transformation\Electricity Generation\Processes\Eskom IPP Wind,Historical Production,Updated Utility Protection,Interp,Kilowatt-Hour,259625407.61,262154401.15,251054409.82,324723948.27,394188823.04,401826818.05,401826818.05,401826818.05,401826818.05,401826818.05,401826818.05,401826818.05,401826818.05,401826818.05,401826818.05,401826818.05,401826818.05,401826818.05,401826818.05,401826818.05,401826818.05,401826818.05,401826818.05,401826818.05,401826818.05,401826818.05,401826818.05,401826818.05,401826818.05,401826818.05,401826818.05,401826818.05,401826818.05,
Transformation\Electricity Generation\Processes\Eskom IPP Wind,Interest Rate,Updated BAU GHS,Interp,Percent,5,5,5,5,5,5,5,5,5,5,5,5,5,5,5,5,5,5,5,5,5,5,5,5,5,5,5,5,5,5,5,5,5,
Transformation\Electricity Generation\Processes\Eskom IPP Wind,Interest Rate,Updated LMI GHS,Interp,Percent,5,5,5,5,5,5,5,5,5,5,5,5,5,5,5,5,5,5,5,5,5,5,5,5,5,5,5,5,5,5,5,5,5,
Transformation\Electricity Generation\Processes\Eskom IPP Wind,Interest Rate,Updated Pro Solar,Interp,Percent,5,5,5,5,5,5,5,5,5,5,5,5,5,5,5,5,5,5,5,5,5,5,5,5,5,5,5,5,5,5,5,5,5,
Transformation\Electricity Generation\Processes\Eskom IPP Wind,Interest Rate,Updated Utility Protection,Interp,Percent,5,5,5,5,5,5,5,5,5,5,5,5,5,5,5,5,5,5,5,5,5,5,5,5,5,5,5,5,5,5,5,5,5,
Transformation\Electricity Generation\Processes\Eskom IPP Wind,Lifetime,Updated BAU GHS,Interp,Years,30,30,30,30,30,30,30,30,30,30,30,30,30,30,30,30,30,30,30,30,30,30,30,30,30,30,30,30,30,30,30,30,30,
Transformation\Electricity Generation\Processes\Eskom IPP Wind,Lifetime,Updated LMI GHS,Interp,Years,30,30,30,30,30,30,30,30,30,30,30,30,30,30,30,30,30,30,30,30,30,30,30,30,30,30,30,30,30,30,30,30,30,
Transformation\Electricity Generation\Processes\Eskom IPP Wind,Lifetime,Updated Pro Solar,Interp,Years,30,30,30,30,30,30,30,30,30,30,30,30,30,30,30,30,30,30,30,30,30,30,30,30,30,30,30,30,30,30,30,30,30,
Transformation\Electricity Generation\Processes\Eskom IPP Wind,Lifetime,Updated Utility Protection,Interp,Years,30,30,30,30,30,30,30,30,30,30,30,30,30,30,30,30,30,30,30,30,30,30,30,30,30,30,30,30,30,30,30,30,30,
Transformation\Electricity Generation\Processes\Eskom IPP Wind,Maximum Availability,Updated BAU GHS,Interp,Percent,36.59,36.59,36.59,36.59,36.59,34.77,34.77,34.77,34.77,34.77,34.77,34.77,34.77,34.77,34.77,34.77,34.77,34.77,34.77,34.77,34.77,34.77,34.77,34.77,34.77,34.77,34.77,34.77,34.77,34.77,34.77,34.77,34.77,
Transformation\Electricity Generation\Processes\Eskom IPP Wind,Maximum Availability,Updated LMI GHS,Interp,Percent,36.59,36.59,36.59,36.59,36.59,34.77,34.77,34.77,34.77,34.77,34.77,34.77,34.77,34.77,34.77,34.77,34.77,34.77,34.77,34.77,34.77,34.77,34.77,34.77,34.77,34.77,34.77,34.77,34.77,34.77,34.77,34.77,34.77,
Transformation\Electricity Generation\Processes\Eskom IPP Wind,Maximum Availability,Updated Pro Solar,Interp,Percent,36.59,36.59,36.59,36.59,36.59,34.77,34.77,34.77,34.77,34.77,34.77,34.77,34.77,34.77,34.77,34.77,34.77,34.77,34.77,34.77,34.77,34.77,34.77,34.77,34.77,34.77,34.77,34.77,34.77,34.77,34.77,34.77,34.77,
Transformation\Electricity Generation\Processes\Eskom IPP Wind,Maximum Availability,Updated Utility Protection,Interp,Percent,36.59,36.59,36.59,36.59,36.59,34.77,34.77,34.77,34.77,34.77,34.77,34.77,34.77,34.77,34.77,34.77,34.77,34.77,34.77,34.77,34.77,34.77,34.77,34.77,34.77,34.77,34.77,34.77,34.77,34.77,34.77,34.77,34.77,
Transformation\Electricity Generation\Processes\Eskom IPP Wind,Merit Order,Updated BAU GHS,Interp,Merit Order,1,1,1,1,1,1,1,1,1,1,1,1,1,1,1,1,1,1,1,1,1,1,1,1,1,1,1,1,1,1,1,1,1,
Transformation\Electricity Generation\Processes\Eskom IPP Wind,Merit Order,Updated LMI GHS,Interp,Merit Order,1,1,1,1,1,1,1,1,1,1,1,1,1,1,1,1,1,1,1,1,1,1,1,1,1,1,1,1,1,1,1,1,1,
Transformation\Electricity Generation\Processes\Eskom IPP Wind,Merit Order,Updated Pro Solar,Interp,Merit Order,1,1,1,1,1,1,1,1,1,1,1,1,1,1,1,1,1,1,1,1,1,1,1,1,1,1,1,1,1,1,1,1,1,
Transformation\Electricity Generation\Processes\Eskom IPP Wind,Merit Order,Updated Utility Protection,Interp,Merit Order,1,1,1,1,1,1,1,1,1,1,1,1,1,1,1,1,1,1,1,1,1,1,1,1,1,1,1,1,1,1,1,1,1,
Transformation\Electricity Generation\Processes\Eskom IPP Wind,Minimum Utilization,Updated BAU GHS,Interp,Percent,0,0,0,0,0,0,0,0,0,0,0,0,0,0,0,0,0,0,0,0,0,0,0,0,0,0,0,0,0,0,0,0,0,
Transformation\Electricity Generation\Processes\Eskom IPP Wind,Minimum Utilization,Updated LMI GHS,Interp,Percent,0,0,0,0,0,0,0,0,0,0,0,0,0,0,0,0,0,0,0,0,0,0,0,0,0,0,0,0,0,0,0,0,0,
Transformation\Electricity Generation\Processes\Eskom IPP Wind,Minimum Utilization,Updated Pro Solar,Interp,Percent,0,0,0,0,0,0,0,0,0,0,0,0,0,0,0,0,0,0,0,0,0,0,0,0,0,0,0,0,0,0,0,0,0,
Transformation\Electricity Generation\Processes\Eskom IPP Wind,Minimum Utilization,Updated Utility Protection,Interp,Percent,0,0,0,0,0,0,0,0,0,0,0,0,0,0,0,0,0,0,0,0,0,0,0,0,0,0,0,0,0,0,0,0,0,
Transformation\Electricity Generation\Processes\Eskom IPP Wind,Process Efficiency,Updated BAU GHS,Interp,Percent,100,100,100,100,100,100,100,100,100,100,100,100,100,100,100,100,100,100,100,100,100,100,100,100,100,100,100,100,100,100,100,100,100,
Transformation\Electricity Generation\Processes\Eskom IPP Wind,Process Efficiency,Updated LMI GHS,Interp,Percent,100,100,100,100,100,100,100,100,100,100,100,100,100,100,100,100,100,100,100,100,100,100,100,100,100,100,100,100,100,100,100,100,100,
Transformation\Electricity Generation\Processes\Eskom IPP Wind,Process Efficiency,Updated Pro Solar,Interp,Percent,100,100,100,100,100,100,100,100,100,100,100,100,100,100,100,100,100,100,100,100,100,100,100,100,100,100,100,100,100,100,100,100,100,
Transformation\Electricity Generation\Processes\Eskom IPP Wind,Process Efficiency,Updated Utility Protection,Interp,Percent,100,100,100,100,100,100,100,100,100,100,100,100,100,100,100,100,100,100,100,100,100,100,100,100,100,100,100,100,100,100,100,100,100,
Transformation\Electricity Generation\Processes\Eskom IPP Wind,Salvage Value,Updated BAU GHS,Interp,U.S. Dollar,0,0,0,0,0,0,0,0,0,0,0,0,0,0,0,0,0,0,0,0,0,0,0,0,0,0,0,0,0,0,0,0,0,
Transformation\Electricity Generation\Processes\Eskom IPP Wind,Salvage Value,Updated LMI GHS,Interp,U.S. Dollar,0,0,0,0,0,0,0,0,0,0,0,0,0,0,0,0,0,0,0,0,0,0,0,0,0,0,0,0,0,0,0,0,0,
Transformation\Electricity Generation\Processes\Eskom IPP Wind,Salvage Value,Updated Pro Solar,Interp,U.S. Dollar,0,0,0,0,0,0,0,0,0,0,0,0,0,0,0,0,0,0,0,0,0,0,0,0,0,0,0,0,0,0,0,0,0,
Transformation\Electricity Generation\Processes\Eskom IPP Wind,Salvage Value,Updated Utility Protection,Interp,U.S. Dollar,0,0,0,0,0,0,0,0,0,0,0,0,0,0,0,0,0,0,0,0,0,0,0,0,0,0,0,0,0,0,0,0,0,
Transformation\Electricity Generation\Processes\Eskom IPP Wind,Stranded Cost,Updated BAU GHS,Interp,U.S. Dollar,0,0,0,0,0,0,0,0,0,0,0,0,0,0,0,0,0,0,0,0,0,0,0,0,0,0,0,0,0,0,0,0,0,
Transformation\Electricity Generation\Processes\Eskom IPP Wind,Stranded Cost,Updated LMI GHS,Interp,U.S. Dollar,0,0,0,0,0,0,0,0,0,0,0,0,0,0,0,0,0,0,0,0,0,0,0,0,0,0,0,0,0,0,0,0,0,
Transformation\Electricity Generation\Processes\Eskom IPP Wind,Stranded Cost,Updated Pro Solar,Interp,U.S. Dollar,0,0,0,0,0,0,0,0,0,0,0,0,0,0,0,0,0,0,0,0,0,0,0,0,0,0,0,0,0,0,0,0,0,
Transformation\Electricity Generation\Processes\Eskom IPP Wind,Stranded Cost,Updated Utility Protection,Interp,U.S. Dollar,0,0,0,0,0,0,0,0,0,0,0,0,0,0,0,0,0,0,0,0,0,0,0,0,0,0,0,0,0,0,0,0,0,
Transformation\Electricity Generation\Processes\Eskom IPP Wind,Variable OM Cost,Updated BAU GHS,Interp,South African Rand,0,0,0,0,0,0,0,0,0,0,0,0,0,0,0,0,0,0,0,0,0,0,0,0,0,0,0,0,0,0,0,0,0,
Transformation\Electricity Generation\Processes\Eskom IPP Wind,Variable OM Cost,Updated LMI GHS,Interp,South African Rand,0,0,0,0,0,0,0,0,0,0,0,0,0,0,0,0,0,0,0,0,0,0,0,0,0,0,0,0,0,0,0,0,0,
Transformation\Electricity Generation\Processes\Eskom IPP Wind,Variable OM Cost,Updated Pro Solar,Interp,South African Rand,0,0,0,0,0,0,0,0,0,0,0,0,0,0,0,0,0,0,0,0,0,0,0,0,0,0,0,0,0,0,0,0,0,
Transformation\Electricity Generation\Processes\Eskom IPP Wind,Variable OM Cost,Updated Utility Protection,Interp,South African Rand,0,0,0,0,0,0,0,0,0,0,0,0,0,0,0,0,0,0,0,0,0,0,0,0,0,0,0,0,0,0,0,0,0,
Transformation\Electricity Generation\Processes\Eskom IPP Wind\Feedstock Fuels\Wind,Feedstock Fuel Share,Updated BAU GHS,Interp,U.S. Dollar,100,100,100,100,100,100,100,100,100,100,100,100,100,100,100,100,100,100,100,100,100,100,100,100,100,100,100,100,100,100,100,100,100,
Transformation\Electricity Generation\Processes\Eskom IPP Wind\Feedstock Fuels\Wind,Feedstock Fuel Share,Updated LMI GHS,Interp,U.S. Dollar,100,100,100,100,100,100,100,100,100,100,100,100,100,100,100,100,100,100,100,100,100,100,100,100,100,100,100,100,100,100,100,100,100,
Transformation\Electricity Generation\Processes\Eskom IPP Wind\Feedstock Fuels\Wind,Feedstock Fuel Share,Updated Pro Solar,Interp,U.S. Dollar,100,100,100,100,100,100,100,100,100,100,100,100,100,100,100,100,100,100,100,100,100,100,100,100,100,100,100,100,100,100,100,100,100,
Transformation\Electricity Generation\Processes\Eskom IPP Wind\Feedstock Fuels\Wind,Feedstock Fuel Share,Updated Utility Protection,Interp,U.S. Dollar,100,100,100,100,100,100,100,100,100,100,100,100,100,100,100,100,100,100,100,100,100,100,100,100,100,100,100,100,100,100,100,100,100,
Transformation\Electricity Generation\Processes\Eskom IPP Wind\Feedstock Fuels\Wind,Fuel Cost,Updated BAU GHS,Interp,U.S. Dollar,0,0,0,0,0,0,0,0,0,0,0,0,0,0,0,0,0,0,0,0,0,0,0,0,0,0,0,0,0,0,0,0,0,
Transformation\Electricity Generation\Processes\Eskom IPP Wind\Feedstock Fuels\Wind,Fuel Cost,Updated LMI GHS,Interp,U.S. Dollar,0,0,0,0,0,0,0,0,0,0,0,0,0,0,0,0,0,0,0,0,0,0,0,0,0,0,0,0,0,0,0,0,0,
Transformation\Electricity Generation\Processes\Eskom IPP Wind\Feedstock Fuels\Wind,Fuel Cost,Updated Pro Solar,Interp,U.S. Dollar,0,0,0,0,0,0,0,0,0,0,0,0,0,0,0,0,0,0,0,0,0,0,0,0,0,0,0,0,0,0,0,0,0,
Transformation\Electricity Generation\Processes\Eskom IPP Wind\Feedstock Fuels\Wind,Fuel Cost,Updated Utility Protection,Interp,U.S. Dollar,0,0,0,0,0,0,0,0,0,0,0,0,0,0,0,0,0,0,0,0,0,0,0,0,0,0,0,0,0,0,0,0,0,
Transformation\Electricity Generation\Processes\Eskom Wind,Capacity Credit,Updated BAU GHS,Interp,Percent,100,100,100,100,100,100,100,100,100,100,100,100,100,100,100,100,100,100,100,100,100,100,100,100,100,100,100,100,100,100,100,100,100,
Transformation\Electricity Generation\Processes\Eskom Wind,Capacity Credit,Updated LMI GHS,Interp,Percent,100,100,100,100,100,100,100,100,100,100,100,100,100,100,100,100,100,100,100,100,100,100,100,100,100,100,100,100,100,100,100,100,100,
Transformation\Electricity Generation\Processes\Eskom Wind,Capacity Credit,Updated Pro Solar,Interp,Percent,100,100,100,100,100,100,100,100,100,100,100,100,100,100,100,100,100,100,100,100,100,100,100,100,100,100,100,100,100,100,100,100,100,
Transformation\Electricity Generation\Processes\Eskom Wind,Capacity Credit,Updated Utility Protection,Interp,Percent,100,100,100,100,100,100,100,100,100,100,100,100,100,100,100,100,100,100,100,100,100,100,100,100,100,100,100,100,100,100,100,100,100,
Transformation\Electricity Generation\Processes\Eskom Wind,Capital Cost,Updated BAU GHS,Interp,U.S. Dollar,0,0,0,0,0,0,0,0,0,0,0,0,0,0,0,0,0,0,0,0,0,0,0,0,0,0,0,0,0,0,0,0,0,
Transformation\Electricity Generation\Processes\Eskom Wind,Capital Cost,Updated LMI GHS,Interp,U.S. Dollar,0,0,0,0,0,0,0,0,0,0,0,0,0,0,0,0,0,0,0,0,0,0,0,0,0,0,0,0,0,0,0,0,0,
Transformation\Electricity Generation\Processes\Eskom Wind,Capital Cost,Updated Pro Solar,Interp,U.S. Dollar,0,0,0,0,0,0,0,0,0,0,0,0,0,0,0,0,0,0,0,0,0,0,0,0,0,0,0,0,0,0,0,0,0,
Transformation\Electricity Generation\Processes\Eskom Wind,Capital Cost,Updated Utility Protection,Interp,U.S. Dollar,0,0,0,0,0,0,0,0,0,0,0,0,0,0,0,0,0,0,0,0,0,0,0,0,0,0,0,0,0,0,0,0,0,
Transformation\Electricity Generation\Processes\Eskom Wind,Dispatch Rule,Updated BAU GHS,Interp,None,4,4,4,4,4,4,4,4,4,4,4,4,4,4,4,4,4,4,4,4,4,4,4,4,4,4,4,4,4,4,4,4,4,
Transformation\Electricity Generation\Processes\Eskom Wind,Dispatch Rule,Updated LMI GHS,Interp,None,4,4,4,4,4,4,4,4,4,4,4,4,4,4,4,4,4,4,4,4,4,4,4,4,4,4,4,4,4,4,4,4,4,
Transformation\Electricity Generation\Processes\Eskom Wind,Dispatch Rule,Updated Pro Solar,Interp,None,4,4,4,4,4,4,4,4,4,4,4,4,4,4,4,4,4,4,4,4,4,4,4,4,4,4,4,4,4,4,4,4,4,
Transformation\Electricity Generation\Processes\Eskom Wind,Dispatch Rule,Updated Utility Protection,Interp,None,4,4,4,4,4,4,4,4,4,4,4,4,4,4,4,4,4,4,4,4,4,4,4,4,4,4,4,4,4,4,4,4,4,
Transformation\Electricity Generation\Processes\Eskom Wind,Endogenous Capacity,Updated BAU GHS,Interp,Megawatt,0,0,0,0,0,0,0,0,0,0,0,0,0,0,0,0,0,0,0,0,0,0,0,0,0,0,0,0,0,0,0,0,0,
Transformation\Electricity Generation\Processes\Eskom Wind,Endogenous Capacity,Updated LMI GHS,Interp,Megawatt,0,0,0,0,0,0,0,0,0,0,0,0,0,0,0,0,0,0,0,0,0,0,0,0,0,0,0,0,0,0,0,0,0,
Transformation\Electricity Generation\Processes\Eskom Wind,Endogenous Capacity,Updated Pro Solar,Interp,Megawatt,0,0,0,0,0,0,0,0,0,0,0,0,0,0,0,0,0,0,0,0,0,0,0,0,0,0,0,0,0,0,0,0,0,
Transformation\Electricity Generation\Processes\Eskom Wind,Endogenous Capacity,Updated Utility Protection,Interp,Megawatt,0,0,0,0,0,0,0,0,0,0,0,0,0,0,0,0,0,0,0,0,0,0,0,0,0,0,0,0,0,0,0,0,0,
Transformation\Electricity Generation\Processes\Eskom Wind,Exogenous Capacity,Updated BAU GHS,Interp,Megawatt,3.49,3.63,3.41,3.27,3.15,3.35,3.17,3.17,3.17,3.17,3.17,3.17,3.17,3.17,3.17,3.17,3.17,3.17,3.17,3.17,3.17,3.17,3.17,3.17,3.17,3.17,3.17,3.17,3.17,3.17,3.17,3.17,3.17,
Transformation\Electricity Generation\Processes\Eskom Wind,Exogenous Capacity,Updated LMI GHS,Interp,Megawatt,3.49,3.63,3.41,3.27,3.15,3.35,3.17,3.17,3.17,3.17,3.17,3.17,3.17,3.17,3.17,3.17,3.17,3.17,3.17,3.17,3.17,3.17,3.17,3.17,3.17,3.17,3.17,3.17,3.17,3.17,3.17,3.17,3.17,
Transformation\Electricity Generation\Processes\Eskom Wind,Exogenous Capacity,Updated Pro Solar,Interp,Megawatt,3.49,3.63,3.41,3.27,3.15,3.35,3.17,3.17,3.17,3.17,3.17,3.17,3.17,3.17,3.17,3.17,3.17,3.17,3.17,3.17,3.17,3.17,3.17,3.17,3.17,3.17,3.17,3.17,3.17,3.17,3.17,3.17,3.17,
Transformation\Electricity Generation\Processes\Eskom Wind,Exogenous Capacity,Updated Utility Protection,Interp,Megawatt,3.49,3.63,3.41,3.27,3.15,3.35,3.17,3.17,3.17,3.17,3.17,3.17,3.17,3.17,3.17,3.17,3.17,3.17,3.17,3.17,3.17,3.17,3.17,3.17,3.17,3.17,3.17,3.17,3.17,3.17,3.17,3.17,3.17,
Transformation\Electricity Generation\Processes\Eskom Wind,First Simulation Year,Updated BAU GHS,Interp,Years,2024,2024,2024,2024,2024,2024,2024,2024,2024,2024,2024,2024,2024,2024,2024,2024,2024,2024,2024,2024,2024,2024,2024,2024,2024,2024,2024,2024,2024,2024,2024,2024,2024,
Transformation\Electricity Generation\Processes\Eskom Wind,First Simulation Year,Updated LMI GHS,Interp,Years,2024,2024,2024,2024,2024,2024,2024,2024,2024,2024,2024,2024,2024,2024,2024,2024,2024,2024,2024,2024,2024,2024,2024,2024,2024,2024,2024,2024,2024,2024,2024,2024,2024,
Transformation\Electricity Generation\Processes\Eskom Wind,First Simulation Year,Updated Pro Solar,Interp,Years,2024,2024,2024,2024,2024,2024,2024,2024,2024,2024,2024,2024,2024,2024,2024,2024,2024,2024,2024,2024,2024,2024,2024,2024,2024,2024,2024,2024,2024,2024,2024,2024,2024,
Transformation\Electricity Generation\Processes\Eskom Wind,First Simulation Year,Updated Utility Protection,Interp,Years,2024,2024,2024,2024,2024,2024,2024,2024,2024,2024,2024,2024,2024,2024,2024,2024,2024,2024,2024,2024,2024,2024,2024,2024,2024,2024,2024,2024,2024,2024,2024,2024,2024,
Transformation\Electricity Generation\Processes\Eskom Wind,Fixed OM Cost,Updated BAU GHS,Interp,South African Rand,0,0,0,0,0,0,0,0,0,0,0,0,0,0,0,0,0,0,0,0,0,0,0,0,0,0,0,0,0,0,0,0,0,
Transformation\Electricity Generation\Processes\Eskom Wind,Fixed OM Cost,Updated LMI GHS,Interp,South African Rand,0,0,0,0,0,0,0,0,0,0,0,0,0,0,0,0,0,0,0,0,0,0,0,0,0,0,0,0,0,0,0,0,0,
Transformation\Electricity Generation\Processes\Eskom Wind,Fixed OM Cost,Updated Pro Solar,Interp,South African Rand,0,0,0,0,0,0,0,0,0,0,0,0,0,0,0,0,0,0,0,0,0,0,0,0,0,0,0,0,0,0,0,0,0,
Transformation\Electricity Generation\Processes\Eskom Wind,Fixed OM Cost,Updated Utility Protection,Interp,South African Rand,0,0,0,0,0,0,0,0,0,0,0,0,0,0,0,0,0,0,0,0,0,0,0,0,0,0,0,0,0,0,0,0,0,
Transformation\Electricity Generation\Processes\Eskom Wind,Historical Production,Updated BAU GHS,Interp,Kilowatt-Hour,13554539.87,13548826.71,11195022.77,12901628.19,10158128.72,8447047.06,8447047.06,8447047.06,8447047.06,8447047.06,8447047.06,8447047.06,8447047.06,8447047.06,8447047.06,8447047.06,8447047.06,8447047.06,8447047.06,8447047.06,8447047.06,8447047.06,8447047.06,8447047.06,8447047.06,8447047.06,8447047.06,8447047.06,8447047.06,8447047.06,8447047.06,8447047.06,8447047.06,
Transformation\Electricity Generation\Processes\Eskom Wind,Historical Production,Updated LMI GHS,Interp,Kilowatt-Hour,13554539.87,13548826.71,11195022.77,12901628.19,10158128.72,8447047.06,8447047.06,8447047.06,8447047.06,8447047.06,8447047.06,8447047.06,8447047.06,8447047.06,8447047.06,8447047.06,8447047.06,8447047.06,8447047.06,8447047.06,8447047.06,8447047.06,8447047.06,8447047.06,8447047.06,8447047.06,8447047.06,8447047.06,8447047.06,8447047.06,8447047.06,8447047.06,8447047.06,
Transformation\Electricity Generation\Processes\Eskom Wind,Historical Production,Updated Pro Solar,Interp,Kilowatt-Hour,13554539.87,13548826.71,11195022.77,12901628.19,10158128.72,8447047.06,8447047.06,8447047.06,8447047.06,8447047.06,8447047.06,8447047.06,8447047.06,8447047.06,8447047.06,8447047.06,8447047.06,8447047.06,8447047.06,8447047.06,8447047.06,8447047.06,8447047.06,8447047.06,8447047.06,8447047.06,8447047.06,8447047.06,8447047.06,8447047.06,8447047.06,8447047.06,8447047.06,
Transformation\Electricity Generation\Processes\Eskom Wind,Historical Production,Updated Utility Protection,Interp,Kilowatt-Hour,13554539.87,13548826.71,11195022.77,12901628.19,10158128.72,8447047.06,8447047.06,8447047.06,8447047.06,8447047.06,8447047.06,8447047.06,8447047.06,8447047.06,8447047.06,8447047.06,8447047.06,8447047.06,8447047.06,8447047.06,8447047.06,8447047.06,8447047.06,8447047.06,8447047.06,8447047.06,8447047.06,8447047.06,8447047.06,8447047.06,8447047.06,8447047.06,8447047.06,
Transformation\Electricity Generation\Processes\Eskom Wind,Interest Rate,Updated BAU GHS,Interp,Percent,5,5,5,5,5,5,5,5,5,5,5,5,5,5,5,5,5,5,5,5,5,5,5,5,5,5,5,5,5,5,5,5,5,
Transformation\Electricity Generation\Processes\Eskom Wind,Interest Rate,Updated LMI GHS,Interp,Percent,5,5,5,5,5,5,5,5,5,5,5,5,5,5,5,5,5,5,5,5,5,5,5,5,5,5,5,5,5,5,5,5,5,
Transformation\Electricity Generation\Processes\Eskom Wind,Interest Rate,Updated Pro Solar,Interp,Percent,5,5,5,5,5,5,5,5,5,5,5,5,5,5,5,5,5,5,5,5,5,5,5,5,5,5,5,5,5,5,5,5,5,
Transformation\Electricity Generation\Processes\Eskom Wind,Interest Rate,Updated Utility Protection,Interp,Percent,5,5,5,5,5,5,5,5,5,5,5,5,5,5,5,5,5,5,5,5,5,5,5,5,5,5,5,5,5,5,5,5,5,
Transformation\Electricity Generation\Processes\Eskom Wind,Lifetime,Updated BAU GHS,Interp,Years,30,30,30,30,30,30,30,30,30,30,30,30,30,30,30,30,30,30,30,30,30,30,30,30,30,30,30,30,30,30,30,30,30,
Transformation\Electricity Generation\Processes\Eskom Wind,Lifetime,Updated LMI GHS,Interp,Years,30,30,30,30,30,30,30,30,30,30,30,30,30,30,30,30,30,30,30,30,30,30,30,30,30,30,30,30,30,30,30,30,30,
Transformation\Electricity Generation\Processes\Eskom Wind,Lifetime,Updated Pro Solar,Interp,Years,30,30,30,30,30,30,30,30,30,30,30,30,30,30,30,30,30,30,30,30,30,30,30,30,30,30,30,30,30,30,30,30,30,
Transformation\Electricity Generation\Processes\Eskom Wind,Lifetime,Updated Utility Protection,Interp,Years,30,30,30,30,30,30,30,30,30,30,30,30,30,30,30,30,30,30,30,30,30,30,30,30,30,30,30,30,30,30,30,30,30,
Transformation\Electricity Generation\Processes\Eskom Wind,Maximum Availability,Updated BAU GHS,Interp,Percent,37.79,37.44,32.31,34.82,28.88,24.43,24.43,24.43,24.43,24.43,24.43,24.43,24.43,24.43,24.43,24.43,24.43,24.43,24.43,24.43,24.43,24.43,24.43,24.43,24.43,24.43,24.43,24.43,24.43,24.43,24.43,24.43,24.43,
Transformation\Electricity Generation\Processes\Eskom Wind,Maximum Availability,Updated LMI GHS,Interp,Percent,37.79,37.44,32.31,34.82,28.88,24.43,24.43,24.43,24.43,24.43,24.43,24.43,24.43,24.43,24.43,24.43,24.43,24.43,24.43,24.43,24.43,24.43,24.43,24.43,24.43,24.43,24.43,24.43,24.43,24.43,24.43,24.43,24.43,
Transformation\Electricity Generation\Processes\Eskom Wind,Maximum Availability,Updated Pro Solar,Interp,Percent,37.79,37.44,32.31,34.82,28.88,24.43,24.43,24.43,24.43,24.43,24.43,24.43,24.43,24.43,24.43,24.43,24.43,24.43,24.43,24.43,24.43,24.43,24.43,24.43,24.43,24.43,24.43,24.43,24.43,24.43,24.43,24.43,24.43,
Transformation\Electricity Generation\Processes\Eskom Wind,Maximum Availability,Updated Utility Protection,Interp,Percent,37.79,37.44,32.31,34.82,28.88,24.43,24.43,24.43,24.43,24.43,24.43,24.43,24.43,24.43,24.43,24.43,24.43,24.43,24.43,24.43,24.43,24.43,24.43,24.43,24.43,24.43,24.43,24.43,24.43,24.43,24.43,24.43,24.43,
Transformation\Electricity Generation\Processes\Eskom Wind,Merit Order,Updated BAU GHS,Interp,Merit Order,1,1,1,1,1,1,1,1,1,1,1,1,1,1,1,1,1,1,1,1,1,1,1,1,1,1,1,1,1,1,1,1,1,
Transformation\Electricity Generation\Processes\Eskom Wind,Merit Order,Updated LMI GHS,Interp,Merit Order,1,1,1,1,1,1,1,1,1,1,1,1,1,1,1,1,1,1,1,1,1,1,1,1,1,1,1,1,1,1,1,1,1,
Transformation\Electricity Generation\Processes\Eskom Wind,Merit Order,Updated Pro Solar,Interp,Merit Order,1,1,1,1,1,1,1,1,1,1,1,1,1,1,1,1,1,1,1,1,1,1,1,1,1,1,1,1,1,1,1,1,1,
Transformation\Electricity Generation\Processes\Eskom Wind,Merit Order,Updated Utility Protection,Interp,Merit Order,1,1,1,1,1,1,1,1,1,1,1,1,1,1,1,1,1,1,1,1,1,1,1,1,1,1,1,1,1,1,1,1,1,
Transformation\Electricity Generation\Processes\Eskom Wind,Minimum Utilization,Updated BAU GHS,Interp,Percent,0,0,0,0,0,0,0,0,0,0,0,0,0,0,0,0,0,0,0,0,0,0,0,0,0,0,0,0,0,0,0,0,0,
Transformation\Electricity Generation\Processes\Eskom Wind,Minimum Utilization,Updated LMI GHS,Interp,Percent,0,0,0,0,0,0,0,0,0,0,0,0,0,0,0,0,0,0,0,0,0,0,0,0,0,0,0,0,0,0,0,0,0,
Transformation\Electricity Generation\Processes\Eskom Wind,Minimum Utilization,Updated Pro Solar,Interp,Percent,0,0,0,0,0,0,0,0,0,0,0,0,0,0,0,0,0,0,0,0,0,0,0,0,0,0,0,0,0,0,0,0,0,
Transformation\Electricity Generation\Processes\Eskom Wind,Minimum Utilization,Updated Utility Protection,Interp,Percent,0,0,0,0,0,0,0,0,0,0,0,0,0,0,0,0,0,0,0,0,0,0,0,0,0,0,0,0,0,0,0,0,0,
Transformation\Electricity Generation\Processes\Eskom Wind,Process Efficiency,Updated BAU GHS,Interp,Percent,100,100,100,100,100,100,100,100,100,100,100,100,100,100,100,100,100,100,100,100,100,100,100,100,100,100,100,100,100,100,100,100,100,
Transformation\Electricity Generation\Processes\Eskom Wind,Process Efficiency,Updated LMI GHS,Interp,Percent,100,100,100,100,100,100,100,100,100,100,100,100,100,100,100,100,100,100,100,100,100,100,100,100,100,100,100,100,100,100,100,100,100,
Transformation\Electricity Generation\Processes\Eskom Wind,Process Efficiency,Updated Pro Solar,Interp,Percent,100,100,100,100,100,100,100,100,100,100,100,100,100,100,100,100,100,100,100,100,100,100,100,100,100,100,100,100,100,100,100,100,100,
Transformation\Electricity Generation\Processes\Eskom Wind,Process Efficiency,Updated Utility Protection,Interp,Percent,100,100,100,100,100,100,100,100,100,100,100,100,100,100,100,100,100,100,100,100,100,100,100,100,100,100,100,100,100,100,100,100,100,
Transformation\Electricity Generation\Processes\Eskom Wind,Salvage Value,Updated BAU GHS,Interp,U.S. Dollar,0,0,0,0,0,0,0,0,0,0,0,0,0,0,0,0,0,0,0,0,0,0,0,0,0,0,0,0,0,0,0,0,0,
Transformation\Electricity Generation\Processes\Eskom Wind,Salvage Value,Updated LMI GHS,Interp,U.S. Dollar,0,0,0,0,0,0,0,0,0,0,0,0,0,0,0,0,0,0,0,0,0,0,0,0,0,0,0,0,0,0,0,0,0,
Transformation\Electricity Generation\Processes\Eskom Wind,Salvage Value,Updated Pro Solar,Interp,U.S. Dollar,0,0,0,0,0,0,0,0,0,0,0,0,0,0,0,0,0,0,0,0,0,0,0,0,0,0,0,0,0,0,0,0,0,
Transformation\Electricity Generation\Processes\Eskom Wind,Salvage Value,Updated Utility Protection,Interp,U.S. Dollar,0,0,0,0,0,0,0,0,0,0,0,0,0,0,0,0,0,0,0,0,0,0,0,0,0,0,0,0,0,0,0,0,0,
Transformation\Electricity Generation\Processes\Eskom Wind,Stranded Cost,Updated BAU GHS,Interp,U.S. Dollar,0,0,0,0,0,0,0,0,0,0,0,0,0,0,0,0,0,0,0,0,0,0,0,0,0,0,0,0,0,0,0,0,0,
Transformation\Electricity Generation\Processes\Eskom Wind,Stranded Cost,Updated LMI GHS,Interp,U.S. Dollar,0,0,0,0,0,0,0,0,0,0,0,0,0,0,0,0,0,0,0,0,0,0,0,0,0,0,0,0,0,0,0,0,0,
Transformation\Electricity Generation\Processes\Eskom Wind,Stranded Cost,Updated Pro Solar,Interp,U.S. Dollar,0,0,0,0,0,0,0,0,0,0,0,0,0,0,0,0,0,0,0,0,0,0,0,0,0,0,0,0,0,0,0,0,0,
Transformation\Electricity Generation\Processes\Eskom Wind,Stranded Cost,Updated Utility Protection,Interp,U.S. Dollar,0,0,0,0,0,0,0,0,0,0,0,0,0,0,0,0,0,0,0,0,0,0,0,0,0,0,0,0,0,0,0,0,0,
Transformation\Electricity Generation\Processes\Eskom Wind,Variable OM Cost,Updated BAU GHS,Interp,South African Rand,0,0,0,0,0,0,0,0,0,0,0,0,0,0,0,0,0,0,0,0,0,0,0,0,0,0,0,0,0,0,0,0,0,
Transformation\Electricity Generation\Processes\Eskom Wind,Variable OM Cost,Updated LMI GHS,Interp,South African Rand,0,0,0,0,0,0,0,0,0,0,0,0,0,0,0,0,0,0,0,0,0,0,0,0,0,0,0,0,0,0,0,0,0,
Transformation\Electricity Generation\Processes\Eskom Wind,Variable OM Cost,Updated Pro Solar,Interp,South African Rand,0,0,0,0,0,0,0,0,0,0,0,0,0,0,0,0,0,0,0,0,0,0,0,0,0,0,0,0,0,0,0,0,0,
Transformation\Electricity Generation\Processes\Eskom Wind,Variable OM Cost,Updated Utility Protection,Interp,South African Rand,0,0,0,0,0,0,0,0,0,0,0,0,0,0,0,0,0,0,0,0,0,0,0,0,0,0,0,0,0,0,0,0,0,
Transformation\Electricity Generation\Processes\Eskom Wind\Feedstock Fuels\Wind,Feedstock Fuel Share,Updated BAU GHS,Interp,U.S. Dollar,100,100,100,100,100,100,100,100,100,100,100,100,100,100,100,100,100,100,100,100,100,100,100,100,100,100,100,100,100,100,100,100,100,
Transformation\Electricity Generation\Processes\Eskom Wind\Feedstock Fuels\Wind,Feedstock Fuel Share,Updated LMI GHS,Interp,U.S. Dollar,100,100,100,100,100,100,100,100,100,100,100,100,100,100,100,100,100,100,100,100,100,100,100,100,100,100,100,100,100,100,100,100,100,
Transformation\Electricity Generation\Processes\Eskom Wind\Feedstock Fuels\Wind,Feedstock Fuel Share,Updated Pro Solar,Interp,U.S. Dollar,100,100,100,100,100,100,100,100,100,100,100,100,100,100,100,100,100,100,100,100,100,100,100,100,100,100,100,100,100,100,100,100,100,
Transformation\Electricity Generation\Processes\Eskom Wind\Feedstock Fuels\Wind,Feedstock Fuel Share,Updated Utility Protection,Interp,U.S. Dollar,100,100,100,100,100,100,100,100,100,100,100,100,100,100,100,100,100,100,100,100,100,100,100,100,100,100,100,100,100,100,100,100,100,
Transformation\Electricity Generation\Processes\Eskom Wind\Feedstock Fuels\Wind,Fuel Cost,Updated BAU GHS,Interp,U.S. Dollar,0,0,0,0,0,0,0,0,0,0,0,0,0,0,0,0,0,0,0,0,0,0,0,0,0,0,0,0,0,0,0,0,0,
Transformation\Electricity Generation\Processes\Eskom Wind\Feedstock Fuels\Wind,Fuel Cost,Updated LMI GHS,Interp,U.S. Dollar,0,0,0,0,0,0,0,0,0,0,0,0,0,0,0,0,0,0,0,0,0,0,0,0,0,0,0,0,0,0,0,0,0,
Transformation\Electricity Generation\Processes\Eskom Wind\Feedstock Fuels\Wind,Fuel Cost,Updated Pro Solar,Interp,U.S. Dollar,0,0,0,0,0,0,0,0,0,0,0,0,0,0,0,0,0,0,0,0,0,0,0,0,0,0,0,0,0,0,0,0,0,
Transformation\Electricity Generation\Processes\Eskom Wind\Feedstock Fuels\Wind,Fuel Cost,Updated Utility Protection,Interp,U.S. Dollar,0,0,0,0,0,0,0,0,0,0,0,0,0,0,0,0,0,0,0,0,0,0,0,0,0,0,0,0,0,0,0,0,0,
